GHO (CODE),GHO (DISPLAY),GHO (URL),YEAR (DISPLAY),STARTYEAR,ENDYEAR,REGION (CODE),REGION (DISPLAY),COUNTRY (CODE),COUNTRY (DISPLAY),DIMENSION (TYPE),DIMENSION (CODE),DIMENSION (NAME),Numeric,Value,Low,High
TB_1,Tuberculosis treatment coverage,https://www.who.int/data/gho/data/indicators/indicator-details/GHO/tuberculosis-treatment-coverage,2002,2002,2002,SEAR,South-East Asia,IND,India,,,,30.0,30 [15-88],15.0,88.0
TB_c_ret_tsr,Treatment success rate: previously treated TB cases,https://www.who.int/data/gho/data/indicators/indicator-details/GHO/treatment-success-rate-previously-treated-tb-cases,2012,2012,2012,SEAR,South-East Asia,IND,India,,,,74.0,74,,
TB_c_ret_tsr,Treatment success rate: previously treated TB cases,https://www.who.int/data/gho/data/indicators/indicator-details/GHO/treatment-success-rate-previously-treated-tb-cases,2007,2007,2007,SEAR,South-East Asia,IND,India,,,,65.0,65,,
TB_c_dst_rlt_new_pct,New cases tested for RR-/MDR-TB (%),https://www.who.int/data/gho/data/indicators/indicator-details/GHO/new-cases-tested-for-rr--mdr-tb-%28-%29,2019,2019,2019,SEAR,South-East Asia,IND,India,,,,77.0,77,,
TB_hivtest_pos_pct,Tested TB patients HIV-positive (%),https://www.who.int/data/gho/data/indicators/indicator-details/GHO/tested-tb-patients-hiv-positive-%28-%29,2019,2019,2019,SEAR,South-East Asia,IND,India,,,,2.6,2.6,,
TB_1,Tuberculosis treatment coverage,https://www.who.int/data/gho/data/indicators/indicator-details/GHO/tuberculosis-treatment-coverage,2016,2016,2016,SEAR,South-East Asia,IND,India,,,,58.0,58 [50-69],50.0,69.0
TB_hivtest_pct,TB patients with known HIV status (%),https://www.who.int/data/gho/data/indicators/indicator-details/GHO/tb-patients-with-known-hiv-status-%28-%29,2005,2005,2005,SEAR,South-East Asia,IND,India,,,,2.3,2.3,,
TB_1,Tuberculosis treatment coverage,https://www.who.int/data/gho/data/indicators/indicator-details/GHO/tuberculosis-treatment-coverage,2013,2013,2013,SEAR,South-East Asia,IND,India,,,,39.0,39 [25-68],25.0,68.0
TB_c_newinc,Tuberculosis - new and relapse cases,https://www.who.int/data/gho/data/indicators/indicator-details/GHO/tuberculosis---new-and-relapse-cases,2004,2004,2004,SEAR,South-East Asia,IND,India,,,,1136182.0,1 136 182,,
TB_c_tbhiv_tsr,Treatment success rate: HIV-positive TB cases,https://www.who.int/data/gho/data/indicators/indicator-details/GHO/treatment-success-rate-hiv-positive-tb-cases,2022,2022,2022,SEAR,South-East Asia,IND,India,,,,79.0,79,,
TB_1,Tuberculosis treatment coverage,https://www.who.int/data/gho/data/indicators/indicator-details/GHO/tuberculosis-treatment-coverage,2010,2010,2010,SEAR,South-East Asia,IND,India,,,,39.0,39 [21-95],21.0,95.0
TB_c_dst_rlt_ret_pct,Previously treated cases tested for RR-/MDR-TB (%),https://www.who.int/data/gho/data/indicators/indicator-details/GHO/previously-treated-cases-tested-for-rr--mdr-tb-%28-%29,2007,2007,2007,SEAR,South-East Asia,IND,India,,,,0.15,0.15,,
TB_e_inc_num,Number of incident tuberculosis cases,https://www.who.int/data/gho/data/indicators/indicator-details/GHO/number-of-incident-tuberculosis-cases,2020,2020,2020,SEAR,South-East Asia,IND,India,,,,2770000.0,2 770 000 [2 400 000-3 200 000],2400000.0,3200000.0
TB_c_newinc,Tuberculosis - new and relapse cases,https://www.who.int/data/gho/data/indicators/indicator-details/GHO/tuberculosis---new-and-relapse-cases,2023,2023,2023,SEAR,South-East Asia,IND,India,,,,2382714.0,2 382 714,,
TB_e_inc_num,Number of incident tuberculosis cases,https://www.who.int/data/gho/data/indicators/indicator-details/GHO/number-of-incident-tuberculosis-cases,2009,2009,2009,SEAR,South-East Asia,IND,India,,,,3470000.0,3 470 000 [1 390 000-6 490 000],1390000.0,6490000.0
TB_c_mdr_tsr,Treatment success rate for patients treated for MDR-TB (%),https://www.who.int/data/gho/data/indicators/indicator-details/GHO/treatment-success-rate-for-patients-treated-for-mdr-tb-%28-%29,2019,2019,2019,SEAR,South-East Asia,IND,India,,,,57.0,57,,
TB_c_ret_tsr,Treatment success rate: previously treated TB cases,https://www.who.int/data/gho/data/indicators/indicator-details/GHO/treatment-success-rate-previously-treated-tb-cases,2011,2011,2011,SEAR,South-East Asia,IND,India,,,,75.0,75,,
TB_e_inc_tbhiv_num,"Number of incident tuberculosis cases,  (HIV-positive cases)",https://www.who.int/data/gho/data/indicators/indicator-details/GHO/number-of-incident-tuberculosis-cases-%28hiv-positive-cases%29,2011,2011,2011,SEAR,South-East Asia,IND,India,,,,208000.0,208 000 [52 000-470 000],52000.0,470000.0
TB_c_newinc,Tuberculosis - new and relapse cases,https://www.who.int/data/gho/data/indicators/indicator-details/GHO/tuberculosis---new-and-relapse-cases,2000,2000,2000,SEAR,South-East Asia,IND,India,,,,1115718.0,1 115 718,,
TB_c_new_tsr,Treatment success rate: new TB cases,https://www.who.int/data/gho/data/indicators/indicator-details/GHO/treatment-success-rate-new-tb-cases,2013,2013,2013,SEAR,South-East Asia,IND,India,,,,88.0,88,,
TB_e_inc_num,Number of incident tuberculosis cases,https://www.who.int/data/gho/data/indicators/indicator-details/GHO/number-of-incident-tuberculosis-cases,2012,2012,2012,SEAR,South-East Asia,IND,India,,,,3300000.0,3 300 000 [1 800 000-5 240 000],1800000.0,5240000.0
TB_1,Tuberculosis treatment coverage,https://www.who.int/data/gho/data/indicators/indicator-details/GHO/tuberculosis-treatment-coverage,2000,2000,2000,SEAR,South-East Asia,IND,India,,,,33.0,33 [16-96],16.0,96.0
TB_e_inc_tbhiv_100k,Incidence of tuberculosis (per 100 000 population) (HIV-positive cases),https://www.who.int/data/gho/data/indicators/indicator-details/GHO/incidence-of-tuberculosis-%28per-100-000-population%29-%28hiv-positive-cases%29,2020,2020,2020,SEAR,South-East Asia,IND,India,,,,3.8,3.8 [2.6-5.2],2.6,5.2
MDG_0000000020,Incidence of tuberculosis (per 100 000 population per year),https://www.who.int/data/gho/data/indicators/indicator-details/GHO/incidence-of-tuberculosis-%28per-100-000-population-per-year%29,2005,2005,2005,SEAR,South-East Asia,IND,India,,,,311.0,311 [111-610],111.0,610.0
MDG_0000000020,Incidence of tuberculosis (per 100 000 population per year),https://www.who.int/data/gho/data/indicators/indicator-details/GHO/incidence-of-tuberculosis-%28per-100-000-population-per-year%29,2007,2007,2007,SEAR,South-East Asia,IND,India,,,,298.0,298 [112-573],112.0,573.0
TB_e_inc_rr_num,Estimated number of MDR/RR-TB incident cases,https://www.who.int/data/gho/data/indicators/indicator-details/GHO/estimated-number-of-mdr-rr-tb-incident-cases,2023,2023,2023,SEAR,South-East Asia,IND,India,,,,130000.0,130 000 [100 000-150 000],100000.0,150000.0
TB_hivtest_pct,TB patients with known HIV status (%),https://www.who.int/data/gho/data/indicators/indicator-details/GHO/tb-patients-with-known-hiv-status-%28-%29,2021,2021,2021,SEAR,South-East Asia,IND,India,,,,95.0,95,,
TB_c_ret_tsr,Treatment success rate: previously treated TB cases,https://www.who.int/data/gho/data/indicators/indicator-details/GHO/treatment-success-rate-previously-treated-tb-cases,2006,2006,2006,SEAR,South-East Asia,IND,India,,,,72.0,72,,
TB_e_inc_tbhiv_num,"Number of incident tuberculosis cases,  (HIV-positive cases)",https://www.who.int/data/gho/data/indicators/indicator-details/GHO/number-of-incident-tuberculosis-cases-%28hiv-positive-cases%29,2021,2021,2021,SEAR,South-East Asia,IND,India,,,,51000.0,51 000 [39 000-64 000],39000.0,64000.0
TB_e_inc_num,Number of incident tuberculosis cases,https://www.who.int/data/gho/data/indicators/indicator-details/GHO/number-of-incident-tuberculosis-cases,2003,2003,2003,SEAR,South-East Asia,IND,India,,,,3550000.0,3 550 000 [1 230 000-7 060 000],1230000.0,7060000.0
TB_e_inc_tbhiv_num,"Number of incident tuberculosis cases,  (HIV-positive cases)",https://www.who.int/data/gho/data/indicators/indicator-details/GHO/number-of-incident-tuberculosis-cases-%28hiv-positive-cases%29,2022,2022,2022,SEAR,South-East Asia,IND,India,,,,48000.0,48 000 [37 000-61 000],37000.0,61000.0
TB_1,Tuberculosis treatment coverage,https://www.who.int/data/gho/data/indicators/indicator-details/GHO/tuberculosis-treatment-coverage,2014,2014,2014,SEAR,South-East Asia,IND,India,,,,50.0,50 [37-72],37.0,72.0
TB_c_ret_tsr,Treatment success rate: previously treated TB cases,https://www.who.int/data/gho/data/indicators/indicator-details/GHO/treatment-success-rate-previously-treated-tb-cases,2021,2021,2021,SEAR,South-East Asia,IND,India,,,,84.0,84,,
TB_e_inc_rr_num,Estimated number of MDR/RR-TB incident cases,https://www.who.int/data/gho/data/indicators/indicator-details/GHO/estimated-number-of-mdr-rr-tb-incident-cases,2019,2019,2019,SEAR,South-East Asia,IND,India,,,,120000.0,120 000 [95 000-140 000],95000.0,140000.0
TB_1,Tuberculosis treatment coverage,https://www.who.int/data/gho/data/indicators/indicator-details/GHO/tuberculosis-treatment-coverage,2007,2007,2007,SEAR,South-East Asia,IND,India,,,,36.0,36 [19-97],19.0,97.0
TB_c_new_tsr,Treatment success rate: new TB cases,https://www.who.int/data/gho/data/indicators/indicator-details/GHO/treatment-success-rate-new-tb-cases,2017,2017,2017,SEAR,South-East Asia,IND,India,,,,81.0,81,,
TB_c_ret_tsr,Treatment success rate: previously treated TB cases,https://www.who.int/data/gho/data/indicators/indicator-details/GHO/treatment-success-rate-previously-treated-tb-cases,1998,1998,1998,SEAR,South-East Asia,IND,India,,,,72.0,72,,
TB_e_inc_tbhiv_num,"Number of incident tuberculosis cases,  (HIV-positive cases)",https://www.who.int/data/gho/data/indicators/indicator-details/GHO/number-of-incident-tuberculosis-cases-%28hiv-positive-cases%29,2017,2017,2017,SEAR,South-East Asia,IND,India,,,,84000.0,84 000 [66 000-105 000],66000.0,105000.0
TB_c_tbhiv_tsr,Treatment success rate: HIV-positive TB cases,https://www.who.int/data/gho/data/indicators/indicator-details/GHO/treatment-success-rate-hiv-positive-tb-cases,2020,2020,2020,SEAR,South-East Asia,IND,India,,,,73.0,73,,
TB_c_mdr_tx,Cases started on MDR-TB treatment,https://www.who.int/data/gho/data/indicators/indicator-details/GHO/cases-started-on-mdr-tb-treatment,2008,2008,2008,SEAR,South-East Asia,IND,India,,,,190.0,190,,
TB_rr_mdr,Confirmed cases of RR-/MDR-TB,https://www.who.int/data/gho/data/indicators/indicator-details/GHO/confirmed-cases-of-rr--mdr-tb,2017,2017,2017,SEAR,South-East Asia,IND,India,,,,39009.0,39 009,,
TB_e_inc_tbhiv_100k,Incidence of tuberculosis (per 100 000 population) (HIV-positive cases),https://www.who.int/data/gho/data/indicators/indicator-details/GHO/incidence-of-tuberculosis-%28per-100-000-population%29-%28hiv-positive-cases%29,2015,2015,2015,SEAR,South-East Asia,IND,India,,,,8.6,8.6 [5.1-13],5.1,13.0
TB_hivtest_pos_pct,Tested TB patients HIV-positive (%),https://www.who.int/data/gho/data/indicators/indicator-details/GHO/tested-tb-patients-hiv-positive-%28-%29,2018,2018,2018,SEAR,South-East Asia,IND,India,,,,3.5,3.5,,
TB_1,Tuberculosis treatment coverage,https://www.who.int/data/gho/data/indicators/indicator-details/GHO/tuberculosis-treatment-coverage,2012,2012,2012,SEAR,South-East Asia,IND,India,,,,39.0,39 [25-72],25.0,72.0
TB_e_inc_tbhiv_100k,Incidence of tuberculosis (per 100 000 population) (HIV-positive cases),https://www.who.int/data/gho/data/indicators/indicator-details/GHO/incidence-of-tuberculosis-%28per-100-000-population%29-%28hiv-positive-cases%29,2004,2004,2004,SEAR,South-East Asia,IND,India,,,,22.0,22 [3.8-55],3.8,55.0
TB_c_new_tsr,Treatment success rate: new TB cases,https://www.who.int/data/gho/data/indicators/indicator-details/GHO/treatment-success-rate-new-tb-cases,2019,2019,2019,SEAR,South-East Asia,IND,India,,,,84.0,84,,
TB_c_dst_rlt_ret_pct,Previously treated cases tested for RR-/MDR-TB (%),https://www.who.int/data/gho/data/indicators/indicator-details/GHO/previously-treated-cases-tested-for-rr--mdr-tb-%28-%29,2018,2018,2018,SEAR,South-East Asia,IND,India,,,,65.0,65,,
TB_rr_mdr,Confirmed cases of RR-/MDR-TB,https://www.who.int/data/gho/data/indicators/indicator-details/GHO/confirmed-cases-of-rr--mdr-tb,2012,2012,2012,SEAR,South-East Asia,IND,India,,,,17253.0,17 253,,
TB_rr_mdr,Confirmed cases of RR-/MDR-TB,https://www.who.int/data/gho/data/indicators/indicator-details/GHO/confirmed-cases-of-rr--mdr-tb,2019,2019,2019,SEAR,South-East Asia,IND,India,,,,66255.0,66 255,,
TB_1,Tuberculosis treatment coverage,https://www.who.int/data/gho/data/indicators/indicator-details/GHO/tuberculosis-treatment-coverage,2004,2004,2004,SEAR,South-East Asia,IND,India,,,,32.0,32 [16-90],16.0,90.0
TB_c_tbhiv_tsr,Treatment success rate: HIV-positive TB cases,https://www.who.int/data/gho/data/indicators/indicator-details/GHO/treatment-success-rate-hiv-positive-tb-cases,2009,2009,2009,SEAR,South-East Asia,IND,India,,,,74.0,74,,
TB_c_dst_rlt_ret_pct,Previously treated cases tested for RR-/MDR-TB (%),https://www.who.int/data/gho/data/indicators/indicator-details/GHO/previously-treated-cases-tested-for-rr--mdr-tb-%28-%29,2015,2015,2015,SEAR,South-East Asia,IND,India,,,,60.0,60,,
TB_hivtest_pos_pct,Tested TB patients HIV-positive (%),https://www.who.int/data/gho/data/indicators/indicator-details/GHO/tested-tb-patients-hiv-positive-%28-%29,2015,2015,2015,SEAR,South-East Asia,IND,India,,,,4.0,4,,
TB_c_ret_tsr,Treatment success rate: previously treated TB cases,https://www.who.int/data/gho/data/indicators/indicator-details/GHO/treatment-success-rate-previously-treated-tb-cases,2015,2015,2015,SEAR,South-East Asia,IND,India,,,,66.0,66,,
MDG_0000000020,Incidence of tuberculosis (per 100 000 population per year),https://www.who.int/data/gho/data/indicators/indicator-details/GHO/incidence-of-tuberculosis-%28per-100-000-population-per-year%29,2019,2019,2019,SEAR,South-East Asia,IND,India,,,,202.0,202 [179-226],179.0,226.0
TB_c_tbhiv_tsr,Treatment success rate: HIV-positive TB cases,https://www.who.int/data/gho/data/indicators/indicator-details/GHO/treatment-success-rate-hiv-positive-tb-cases,2010,2010,2010,SEAR,South-East Asia,IND,India,,,,76.0,76,,
TB_c_xdr_tsr,Treatment success rate: XDR-TB cases,https://www.who.int/data/gho/data/indicators/indicator-details/GHO/estimated-xdr-tb-cases,2014,2014,2014,SEAR,South-East Asia,IND,India,,,,29.0,29,,
TB_e_inc_num,Number of incident tuberculosis cases,https://www.who.int/data/gho/data/indicators/indicator-details/GHO/number-of-incident-tuberculosis-cases,2010,2010,2010,SEAR,South-East Asia,IND,India,,,,3430000.0,3 430 000 [1 410 000-6 320 000],1410000.0,6320000.0
TB_e_inc_num_014,Number of incident tuberculosis cases in children aged 0 - 14,https://www.who.int/data/gho/data/indicators/indicator-details/GHO/number-of-incident-tuberculosis-cases-in-children-aged-0---14,2024,2024,2024,SEAR,South-East Asia,IND,India,,,,289000.0,289 000 [217 000-361 000],217000.0,361000.0
TB_hivtest_pos_pct,Tested TB patients HIV-positive (%),https://www.who.int/data/gho/data/indicators/indicator-details/GHO/tested-tb-patients-hiv-positive-%28-%29,2007,2007,2007,SEAR,South-East Asia,IND,India,,,,12.0,12,,
TB_1,Tuberculosis treatment coverage,https://www.who.int/data/gho/data/indicators/indicator-details/GHO/tuberculosis-treatment-coverage,2006,2006,2006,SEAR,South-East Asia,IND,India,,,,34.0,34 [18-94],18.0,94.0
TB_1,Tuberculosis treatment coverage,https://www.who.int/data/gho/data/indicators/indicator-details/GHO/tuberculosis-treatment-coverage,2015,2015,2015,SEAR,South-East Asia,IND,India,,,,53.0,53 [42-69],42.0,69.0
TB_c_tbhiv_tsr,Treatment success rate: HIV-positive TB cases,https://www.who.int/data/gho/data/indicators/indicator-details/GHO/treatment-success-rate-hiv-positive-tb-cases,2017,2017,2017,SEAR,South-East Asia,IND,India,,,,71.0,71,,
TB_c_newinc,Tuberculosis - new and relapse cases,https://www.who.int/data/gho/data/indicators/indicator-details/GHO/tuberculosis---new-and-relapse-cases,2010,2010,2010,SEAR,South-East Asia,IND,India,,,,1339866.0,1 339 866,,
TB_e_inc_num,Number of incident tuberculosis cases,https://www.who.int/data/gho/data/indicators/indicator-details/GHO/number-of-incident-tuberculosis-cases,2007,2007,2007,SEAR,South-East Asia,IND,India,,,,3550000.0,3 550 000 [1 340 000-6 830 000],1340000.0,6830000.0
TB_hivtest_pct,TB patients with known HIV status (%),https://www.who.int/data/gho/data/indicators/indicator-details/GHO/tb-patients-with-known-hiv-status-%28-%29,2007,2007,2007,SEAR,South-East Asia,IND,India,,,,5.5,5.5,,
TB_c_dst_rlt_new_pct,New cases tested for RR-/MDR-TB (%),https://www.who.int/data/gho/data/indicators/indicator-details/GHO/new-cases-tested-for-rr--mdr-tb-%28-%29,2007,2007,2007,SEAR,South-East Asia,IND,India,,,,0.0,0,,
TB_1,Tuberculosis treatment coverage,https://www.who.int/data/gho/data/indicators/indicator-details/GHO/tuberculosis-treatment-coverage,2020,2020,2020,SEAR,South-East Asia,IND,India,,,,59.0,59 [51-68],51.0,68.0
TB_c_dst_rlt_new_pct,New cases tested for RR-/MDR-TB (%),https://www.who.int/data/gho/data/indicators/indicator-details/GHO/new-cases-tested-for-rr--mdr-tb-%28-%29,2008,2008,2008,SEAR,South-East Asia,IND,India,,,,0.0,0,,
TB_c_newinc,Tuberculosis - new and relapse cases,https://www.who.int/data/gho/data/indicators/indicator-details/GHO/tuberculosis---new-and-relapse-cases,2018,2018,2018,SEAR,South-East Asia,IND,India,,,,1908683.0,1 908 683,,
MDG_0000000020,Incidence of tuberculosis (per 100 000 population per year),https://www.who.int/data/gho/data/indicators/indicator-details/GHO/incidence-of-tuberculosis-%28per-100-000-population-per-year%29,2006,2006,2006,SEAR,South-East Asia,IND,India,,,,305.0,305 [112-593],112.0,593.0
TB_c_dst_rlt_ret_pct,Previously treated cases tested for RR-/MDR-TB (%),https://www.who.int/data/gho/data/indicators/indicator-details/GHO/previously-treated-cases-tested-for-rr--mdr-tb-%28-%29,2023,2023,2023,SEAR,South-East Asia,IND,India,,,,86.0,86,,
TB_c_new_tsr,Treatment success rate: new TB cases,https://www.who.int/data/gho/data/indicators/indicator-details/GHO/treatment-success-rate-new-tb-cases,2015,2015,2015,SEAR,South-East Asia,IND,India,,,,72.0,72,,
TB_c_new_tsr,Treatment success rate: new TB cases,https://www.who.int/data/gho/data/indicators/indicator-details/GHO/treatment-success-rate-new-tb-cases,2014,2014,2014,SEAR,South-East Asia,IND,India,,,,74.0,74,,
TB_rr_mdr,Confirmed cases of RR-/MDR-TB,https://www.who.int/data/gho/data/indicators/indicator-details/GHO/confirmed-cases-of-rr--mdr-tb,2009,2009,2009,SEAR,South-East Asia,IND,India,,,,1699.0,1699,,
TB_e_inc_tbhiv_100k,Incidence of tuberculosis (per 100 000 population) (HIV-positive cases),https://www.who.int/data/gho/data/indicators/indicator-details/GHO/incidence-of-tuberculosis-%28per-100-000-population%29-%28hiv-positive-cases%29,2023,2023,2023,SEAR,South-East Asia,IND,India,,,,2.9,2.9 [2.5-3.5],2.5,3.5
TB_e_inc_num,Number of incident tuberculosis cases,https://www.who.int/data/gho/data/indicators/indicator-details/GHO/number-of-incident-tuberculosis-cases,2015,2015,2015,SEAR,South-East Asia,IND,India,,,,3140000.0,3 140 000 [2 400 000-3 990 000],2400000.0,3990000.0
TB_c_dst_rlt_ret_pct,Previously treated cases tested for RR-/MDR-TB (%),https://www.who.int/data/gho/data/indicators/indicator-details/GHO/previously-treated-cases-tested-for-rr--mdr-tb-%28-%29,2014,2014,2014,SEAR,South-East Asia,IND,India,,,,69.0,69,,
TB_c_new_tsr,Treatment success rate: new TB cases,https://www.who.int/data/gho/data/indicators/indicator-details/GHO/treatment-success-rate-new-tb-cases,2006,2006,2006,SEAR,South-East Asia,IND,India,,,,87.0,87,,
TB_1,Tuberculosis treatment coverage,https://www.who.int/data/gho/data/indicators/indicator-details/GHO/tuberculosis-treatment-coverage,2024,2024,2024,SEAR,South-East Asia,IND,India,,,,92.0,92 [79-110],79.0,110.0
TB_c_xdr_tsr,Treatment success rate: XDR-TB cases,https://www.who.int/data/gho/data/indicators/indicator-details/GHO/estimated-xdr-tb-cases,2020,2020,2020,SEAR,South-East Asia,IND,India,,,,64.0,64,,
TB_c_newinc,Tuberculosis - new and relapse cases,https://www.who.int/data/gho/data/indicators/indicator-details/GHO/tuberculosis---new-and-relapse-cases,2024,2024,2024,SEAR,South-East Asia,IND,India,,,,2498584.0,2 498 584,,
TB_e_inc_num,Number of incident tuberculosis cases,https://www.who.int/data/gho/data/indicators/indicator-details/GHO/number-of-incident-tuberculosis-cases,2005,2005,2005,SEAR,South-East Asia,IND,India,,,,3590000.0,3 590 000 [1 280 000-7 040 000],1280000.0,7040000.0
TB_c_ret_tsr,Treatment success rate: previously treated TB cases,https://www.who.int/data/gho/data/indicators/indicator-details/GHO/treatment-success-rate-previously-treated-tb-cases,2005,2005,2005,SEAR,South-East Asia,IND,India,,,,71.0,71,,
TB_e_inc_tbhiv_100k,Incidence of tuberculosis (per 100 000 population) (HIV-positive cases),https://www.who.int/data/gho/data/indicators/indicator-details/GHO/incidence-of-tuberculosis-%28per-100-000-population%29-%28hiv-positive-cases%29,2018,2018,2018,SEAR,South-East Asia,IND,India,,,,6.9,6.9 [4.7-9.6],4.7,9.6
TB_c_new_tsr,Treatment success rate: new TB cases,https://www.who.int/data/gho/data/indicators/indicator-details/GHO/treatment-success-rate-new-tb-cases,2010,2010,2010,SEAR,South-East Asia,IND,India,,,,89.0,89,,
TB_c_mdr_tsr,Treatment success rate for patients treated for MDR-TB (%),https://www.who.int/data/gho/data/indicators/indicator-details/GHO/treatment-success-rate-for-patients-treated-for-mdr-tb-%28-%29,2020,2020,2020,SEAR,South-East Asia,IND,India,,,,69.0,69,,
TB_c_new_tsr,Treatment success rate: new TB cases,https://www.who.int/data/gho/data/indicators/indicator-details/GHO/treatment-success-rate-new-tb-cases,2021,2021,2021,SEAR,South-East Asia,IND,India,,,,87.0,87,,
TB_rr_mdr,Confirmed cases of RR-/MDR-TB,https://www.who.int/data/gho/data/indicators/indicator-details/GHO/confirmed-cases-of-rr--mdr-tb,2024,2024,2024,SEAR,South-East Asia,IND,India,,,,55447.0,55 447,,
TB_e_inc_tbhiv_num,"Number of incident tuberculosis cases,  (HIV-positive cases)",https://www.who.int/data/gho/data/indicators/indicator-details/GHO/number-of-incident-tuberculosis-cases-%28hiv-positive-cases%29,2019,2019,2019,SEAR,South-East Asia,IND,India,,,,73000.0,73 000 [58 000-91 000],58000.0,91000.0
TB_c_tbhiv_tsr,Treatment success rate: HIV-positive TB cases,https://www.who.int/data/gho/data/indicators/indicator-details/GHO/treatment-success-rate-hiv-positive-tb-cases,2016,2016,2016,SEAR,South-East Asia,IND,India,,,,75.0,75,,
TB_c_newinc,Tuberculosis - new and relapse cases,https://www.who.int/data/gho/data/indicators/indicator-details/GHO/tuberculosis---new-and-relapse-cases,2017,2017,2017,SEAR,South-East Asia,IND,India,,,,1649694.0,1 649 694,,
TB_c_xdr_tsr,Treatment success rate: XDR-TB cases,https://www.who.int/data/gho/data/indicators/indicator-details/GHO/estimated-xdr-tb-cases,2013,2013,2013,SEAR,South-East Asia,IND,India,,,,33.0,33,,
TB_e_inc_num,Number of incident tuberculosis cases,https://www.who.int/data/gho/data/indicators/indicator-details/GHO/number-of-incident-tuberculosis-cases,2018,2018,2018,SEAR,South-East Asia,IND,India,,,,2860000.0,2 860 000 [2 550 000-3 200 000],2550000.0,3200000.0
TB_hivtest_pct,TB patients with known HIV status (%),https://www.who.int/data/gho/data/indicators/indicator-details/GHO/tb-patients-with-known-hiv-status-%28-%29,2019,2019,2019,SEAR,South-East Asia,IND,India,,,,83.0,83,,
TB_c_ret_tsr,Treatment success rate: previously treated TB cases,https://www.who.int/data/gho/data/indicators/indicator-details/GHO/treatment-success-rate-previously-treated-tb-cases,2003,2003,2003,SEAR,South-East Asia,IND,India,,,,70.0,70,,
TB_c_xdr_tsr,Treatment success rate: XDR-TB cases,https://www.who.int/data/gho/data/indicators/indicator-details/GHO/estimated-xdr-tb-cases,2012,2012,2012,SEAR,South-East Asia,IND,India,,,,32.0,32,,
TB_c_newinc,Tuberculosis - new and relapse cases,https://www.who.int/data/gho/data/indicators/indicator-details/GHO/tuberculosis---new-and-relapse-cases,2013,2013,2013,SEAR,South-East Asia,IND,India,,,,1243905.0,1 243 905,,
TB_c_mdr_tx,Cases started on MDR-TB treatment,https://www.who.int/data/gho/data/indicators/indicator-details/GHO/cases-started-on-mdr-tb-treatment,2024,2024,2024,SEAR,South-East Asia,IND,India,,,,51765.0,51 765,,
MDG_0000000020,Incidence of tuberculosis (per 100 000 population per year),https://www.who.int/data/gho/data/indicators/indicator-details/GHO/incidence-of-tuberculosis-%28per-100-000-population-per-year%29,2001,2001,2001,SEAR,South-East Asia,IND,India,,,,321.0,321 [110-642],110.0,642.0
TB_1,Tuberculosis treatment coverage,https://www.who.int/data/gho/data/indicators/indicator-details/GHO/tuberculosis-treatment-coverage,2005,2005,2005,SEAR,South-East Asia,IND,India,,,,32.0,32 [16-90],16.0,90.0
TB_c_dst_rlt_ret_pct,Previously treated cases tested for RR-/MDR-TB (%),https://www.who.int/data/gho/data/indicators/indicator-details/GHO/previously-treated-cases-tested-for-rr--mdr-tb-%28-%29,2024,2024,2024,SEAR,South-East Asia,IND,India,,,,86.0,86,,
TB_hivtest_pct,TB patients with known HIV status (%),https://www.who.int/data/gho/data/indicators/indicator-details/GHO/tb-patients-with-known-hiv-status-%28-%29,2023,2023,2023,SEAR,South-East Asia,IND,India,,,,96.0,96,,
TB_c_newinc,Tuberculosis - new and relapse cases,https://www.who.int/data/gho/data/indicators/indicator-details/GHO/tuberculosis---new-and-relapse-cases,2007,2007,2007,SEAR,South-East Asia,IND,India,,,,1295943.0,1 295 943,,
TB_c_newinc,Tuberculosis - new and relapse cases,https://www.who.int/data/gho/data/indicators/indicator-details/GHO/tuberculosis---new-and-relapse-cases,2005,2005,2005,SEAR,South-East Asia,IND,India,,,,1156248.0,1 156 248,,
TB_c_new_tsr,Treatment success rate: new TB cases,https://www.who.int/data/gho/data/indicators/indicator-details/GHO/treatment-success-rate-new-tb-cases,1999,1999,1999,SEAR,South-East Asia,IND,India,,,,21.0,21,,
TB_hivtest_pct,TB patients with known HIV status (%),https://www.who.int/data/gho/data/indicators/indicator-details/GHO/tb-patients-with-known-hiv-status-%28-%29,2014,2014,2014,SEAR,South-East Asia,IND,India,,,,61.0,61,,
TB_c_newinc,Tuberculosis - new and relapse cases,https://www.who.int/data/gho/data/indicators/indicator-details/GHO/tuberculosis---new-and-relapse-cases,2008,2008,2008,SEAR,South-East Asia,IND,India,,,,1332267.0,1 332 267,,
TB_rr_mdr,Confirmed cases of RR-/MDR-TB,https://www.who.int/data/gho/data/indicators/indicator-details/GHO/confirmed-cases-of-rr--mdr-tb,2020,2020,2020,SEAR,South-East Asia,IND,India,,,,49679.0,49 679,,
TB_c_newinc,Tuberculosis - new and relapse cases,https://www.who.int/data/gho/data/indicators/indicator-details/GHO/tuberculosis---new-and-relapse-cases,2003,2003,2003,SEAR,South-East Asia,IND,India,,,,1073282.0,1 073 282,,
TB_c_newinc,Tuberculosis - new and relapse cases,https://www.who.int/data/gho/data/indicators/indicator-details/GHO/tuberculosis---new-and-relapse-cases,2002,2002,2002,SEAR,South-East Asia,IND,India,,,,1060951.0,1 060 951,,
TB_e_inc_num,Number of incident tuberculosis cases,https://www.who.int/data/gho/data/indicators/indicator-details/GHO/number-of-incident-tuberculosis-cases,2022,2022,2022,SEAR,South-East Asia,IND,India,,,,2790000.0,2 790 000 [2 420 000-3 240 000],2420000.0,3240000.0
TB_e_inc_tbhiv_num,"Number of incident tuberculosis cases,  (HIV-positive cases)",https://www.who.int/data/gho/data/indicators/indicator-details/GHO/number-of-incident-tuberculosis-cases-%28hiv-positive-cases%29,2014,2014,2014,SEAR,South-East Asia,IND,India,,,,136000.0,136 000 [89 000-193 000],89000.0,193000.0
TB_c_mdr_tx,Cases started on MDR-TB treatment,https://www.who.int/data/gho/data/indicators/indicator-details/GHO/cases-started-on-mdr-tb-treatment,2022,2022,2022,SEAR,South-East Asia,IND,India,,,,60421.0,60 421,,
TB_c_new_tsr,Treatment success rate: new TB cases,https://www.who.int/data/gho/data/indicators/indicator-details/GHO/treatment-success-rate-new-tb-cases,2005,2005,2005,SEAR,South-East Asia,IND,India,,,,87.0,87,,
TB_rr_mdr,Confirmed cases of RR-/MDR-TB,https://www.who.int/data/gho/data/indicators/indicator-details/GHO/confirmed-cases-of-rr--mdr-tb,2010,2010,2010,SEAR,South-East Asia,IND,India,,,,3288.0,3288,,
TB_c_xdr_tsr,Treatment success rate: XDR-TB cases,https://www.who.int/data/gho/data/indicators/indicator-details/GHO/estimated-xdr-tb-cases,2017,2017,2017,SEAR,South-East Asia,IND,India,,,,36.0,36,,
TB_c_ret_tsr,Treatment success rate: previously treated TB cases,https://www.who.int/data/gho/data/indicators/indicator-details/GHO/treatment-success-rate-previously-treated-tb-cases,2016,2016,2016,SEAR,South-East Asia,IND,India,,,,70.0,70,,
TB_c_xdr_tsr,Treatment success rate: XDR-TB cases,https://www.who.int/data/gho/data/indicators/indicator-details/GHO/estimated-xdr-tb-cases,2018,2018,2018,SEAR,South-East Asia,IND,India,,,,48.0,48,,
TB_hivtest_pct,TB patients with known HIV status (%),https://www.who.int/data/gho/data/indicators/indicator-details/GHO/tb-patients-with-known-hiv-status-%28-%29,2016,2016,2016,SEAR,South-East Asia,IND,India,,,,72.0,72,,
TB_c_mdr_tx,Cases started on MDR-TB treatment,https://www.who.int/data/gho/data/indicators/indicator-details/GHO/cases-started-on-mdr-tb-treatment,2012,2012,2012,SEAR,South-East Asia,IND,India,,,,14117.0,14 117,,
TB_hivtest_pct,TB patients with known HIV status (%),https://www.who.int/data/gho/data/indicators/indicator-details/GHO/tb-patients-with-known-hiv-status-%28-%29,2013,2013,2013,SEAR,South-East Asia,IND,India,,,,63.0,63,,
TB_e_inc_tbhiv_num,"Number of incident tuberculosis cases,  (HIV-positive cases)",https://www.who.int/data/gho/data/indicators/indicator-details/GHO/number-of-incident-tuberculosis-cases-%28hiv-positive-cases%29,2007,2007,2007,SEAR,South-East Asia,IND,India,,,,249000.0,249 000 [90 000-488 000],90000.0,488000.0
TB_hivtest_pos_pct,Tested TB patients HIV-positive (%),https://www.who.int/data/gho/data/indicators/indicator-details/GHO/tested-tb-patients-hiv-positive-%28-%29,2013,2013,2013,SEAR,South-East Asia,IND,India,,,,5.0,5,,
TB_c_mdr_tx,Cases started on MDR-TB treatment,https://www.who.int/data/gho/data/indicators/indicator-details/GHO/cases-started-on-mdr-tb-treatment,2011,2011,2011,SEAR,South-East Asia,IND,India,,,,3378.0,3378,,
TB_c_new_tsr,Treatment success rate: new TB cases,https://www.who.int/data/gho/data/indicators/indicator-details/GHO/treatment-success-rate-new-tb-cases,2004,2004,2004,SEAR,South-East Asia,IND,India,,,,81.0,81,,
MDG_0000000020,Incidence of tuberculosis (per 100 000 population per year),https://www.who.int/data/gho/data/indicators/indicator-details/GHO/incidence-of-tuberculosis-%28per-100-000-population-per-year%29,2004,2004,2004,SEAR,South-East Asia,IND,India,,,,315.0,315 [111-623],111.0,623.0
TB_c_mdr_tx,Cases started on MDR-TB treatment,https://www.who.int/data/gho/data/indicators/indicator-details/GHO/cases-started-on-mdr-tb-treatment,2018,2018,2018,SEAR,South-East Asia,IND,India,,,,47284.0,47 284,,
TB_c_ret_tsr,Treatment success rate: previously treated TB cases,https://www.who.int/data/gho/data/indicators/indicator-details/GHO/treatment-success-rate-previously-treated-tb-cases,2017,2017,2017,SEAR,South-East Asia,IND,India,,,,56.0,56,,
TB_1,Tuberculosis treatment coverage,https://www.who.int/data/gho/data/indicators/indicator-details/GHO/tuberculosis-treatment-coverage,2017,2017,2017,SEAR,South-East Asia,IND,India,,,,56.0,56 [50-63],50.0,63.0
TB_hivtest_pct,TB patients with known HIV status (%),https://www.who.int/data/gho/data/indicators/indicator-details/GHO/tb-patients-with-known-hiv-status-%28-%29,2020,2020,2020,SEAR,South-East Asia,IND,India,,,,92.0,92,,
TB_hivtest_pct,TB patients with known HIV status (%),https://www.who.int/data/gho/data/indicators/indicator-details/GHO/tb-patients-with-known-hiv-status-%28-%29,2008,2008,2008,SEAR,South-East Asia,IND,India,,,,2.3,2.3,,
TB_e_inc_tbhiv_num,"Number of incident tuberculosis cases,  (HIV-positive cases)",https://www.who.int/data/gho/data/indicators/indicator-details/GHO/number-of-incident-tuberculosis-cases-%28hiv-positive-cases%29,2002,2002,2002,SEAR,South-East Asia,IND,India,,,,341000.0,341 000 [60 000-861 000],60000.0,861000.0
TB_c_newinc,Tuberculosis - new and relapse cases,https://www.who.int/data/gho/data/indicators/indicator-details/GHO/tuberculosis---new-and-relapse-cases,2022,2022,2022,SEAR,South-East Asia,IND,India,,,,2255641.0,2 255 641,,
TB_c_newinc,Tuberculosis - new and relapse cases,https://www.who.int/data/gho/data/indicators/indicator-details/GHO/tuberculosis---new-and-relapse-cases,2011,2011,2011,SEAR,South-East Asia,IND,India,,,,1323949.0,1 323 949,,
TB_c_ret_tsr,Treatment success rate: previously treated TB cases,https://www.who.int/data/gho/data/indicators/indicator-details/GHO/treatment-success-rate-previously-treated-tb-cases,2008,2008,2008,SEAR,South-East Asia,IND,India,,,,74.0,74,,
MDG_0000000020,Incidence of tuberculosis (per 100 000 population per year),https://www.who.int/data/gho/data/indicators/indicator-details/GHO/incidence-of-tuberculosis-%28per-100-000-population-per-year%29,2011,2011,2011,SEAR,South-East Asia,IND,India,,,,268.0,268 [138-440],138.0,440.0
TB_e_inc_num,Number of incident tuberculosis cases,https://www.who.int/data/gho/data/indicators/indicator-details/GHO/number-of-incident-tuberculosis-cases,2002,2002,2002,SEAR,South-East Asia,IND,India,,,,3510000.0,3 510 000 [1 210 000-7 000 000],1210000.0,7000000.0
TB_e_inc_num,Number of incident tuberculosis cases,https://www.who.int/data/gho/data/indicators/indicator-details/GHO/number-of-incident-tuberculosis-cases,2006,2006,2006,SEAR,South-East Asia,IND,India,,,,3580000.0,3 580 000 [1 310 000-6 960 000],1310000.0,6960000.0
TB_c_ret_tsr,Treatment success rate: previously treated TB cases,https://www.who.int/data/gho/data/indicators/indicator-details/GHO/treatment-success-rate-previously-treated-tb-cases,2018,2018,2018,SEAR,South-East Asia,IND,India,,,,74.0,74,,
TB_rr_mdr,Confirmed cases of RR-/MDR-TB,https://www.who.int/data/gho/data/indicators/indicator-details/GHO/confirmed-cases-of-rr--mdr-tb,2022,2022,2022,SEAR,South-East Asia,IND,India,,,,64411.0,64 411,,
TB_hivtest_pct,TB patients with known HIV status (%),https://www.who.int/data/gho/data/indicators/indicator-details/GHO/tb-patients-with-known-hiv-status-%28-%29,2011,2011,2011,SEAR,South-East Asia,IND,India,,,,45.0,45,,
TB_e_inc_tbhiv_100k,Incidence of tuberculosis (per 100 000 population) (HIV-positive cases),https://www.who.int/data/gho/data/indicators/indicator-details/GHO/incidence-of-tuberculosis-%28per-100-000-population%29-%28hiv-positive-cases%29,2014,2014,2014,SEAR,South-East Asia,IND,India,,,,9.5,9.5 [5.3-15],5.3,15.0
TB_c_new_tsr,Treatment success rate: new TB cases,https://www.who.int/data/gho/data/indicators/indicator-details/GHO/treatment-success-rate-new-tb-cases,2003,2003,2003,SEAR,South-East Asia,IND,India,,,,76.0,76,,
TB_c_dst_rlt_new_pct,New cases tested for RR-/MDR-TB (%),https://www.who.int/data/gho/data/indicators/indicator-details/GHO/new-cases-tested-for-rr--mdr-tb-%28-%29,2016,2016,2016,SEAR,South-East Asia,IND,India,,,,36.0,36,,
TB_c_newinc,Tuberculosis - new and relapse cases,https://www.who.int/data/gho/data/indicators/indicator-details/GHO/tuberculosis---new-and-relapse-cases,2009,2009,2009,SEAR,South-East Asia,IND,India,,,,1351913.0,1 351 913,,
TB_c_tbhiv_tsr,Treatment success rate: HIV-positive TB cases,https://www.who.int/data/gho/data/indicators/indicator-details/GHO/treatment-success-rate-hiv-positive-tb-cases,2019,2019,2019,SEAR,South-East Asia,IND,India,,,,71.0,71,,
MDG_0000000020,Incidence of tuberculosis (per 100 000 population per year),https://www.who.int/data/gho/data/indicators/indicator-details/GHO/incidence-of-tuberculosis-%28per-100-000-population-per-year%29,2010,2010,2010,SEAR,South-East Asia,IND,India,,,,276.0,276 [114-508],114.0,508.0
MDG_0000000020,Incidence of tuberculosis (per 100 000 population per year),https://www.who.int/data/gho/data/indicators/indicator-details/GHO/incidence-of-tuberculosis-%28per-100-000-population-per-year%29,2022,2022,2022,SEAR,South-East Asia,IND,India,,,,196.0,196 [170-228],170.0,228.0
TB_c_dst_rlt_new_pct,New cases tested for RR-/MDR-TB (%),https://www.who.int/data/gho/data/indicators/indicator-details/GHO/new-cases-tested-for-rr--mdr-tb-%28-%29,2021,2021,2021,SEAR,South-East Asia,IND,India,,,,76.0,76,,
TB_e_inc_tbhiv_num,"Number of incident tuberculosis cases,  (HIV-positive cases)",https://www.who.int/data/gho/data/indicators/indicator-details/GHO/number-of-incident-tuberculosis-cases-%28hiv-positive-cases%29,2010,2010,2010,SEAR,South-East Asia,IND,India,,,,219000.0,219 000 [45 000-529 000],45000.0,529000.0
TB_e_inc_tbhiv_100k,Incidence of tuberculosis (per 100 000 population) (HIV-positive cases),https://www.who.int/data/gho/data/indicators/indicator-details/GHO/incidence-of-tuberculosis-%28per-100-000-population%29-%28hiv-positive-cases%29,2002,2002,2002,SEAR,South-East Asia,IND,India,,,,28.0,28 [4.9-70],4.9,70.0
TB_c_mdr_tx,Cases started on MDR-TB treatment,https://www.who.int/data/gho/data/indicators/indicator-details/GHO/cases-started-on-mdr-tb-treatment,2020,2020,2020,SEAR,South-East Asia,IND,India,,,,42505.0,42 505,,
TB_c_tbhiv_tsr,Treatment success rate: HIV-positive TB cases,https://www.who.int/data/gho/data/indicators/indicator-details/GHO/treatment-success-rate-hiv-positive-tb-cases,2023,2023,2023,SEAR,South-East Asia,IND,India,,,,82.0,82,,
TB_c_tbhiv_tsr,Treatment success rate: HIV-positive TB cases,https://www.who.int/data/gho/data/indicators/indicator-details/GHO/treatment-success-rate-hiv-positive-tb-cases,2008,2008,2008,SEAR,South-East Asia,IND,India,,,,72.0,72,,
TB_c_new_tsr,Treatment success rate: new TB cases,https://www.who.int/data/gho/data/indicators/indicator-details/GHO/treatment-success-rate-new-tb-cases,2011,2011,2011,SEAR,South-East Asia,IND,India,,,,89.0,89,,
TB_rr_mdr,Confirmed cases of RR-/MDR-TB,https://www.who.int/data/gho/data/indicators/indicator-details/GHO/confirmed-cases-of-rr--mdr-tb,2006,2006,2006,SEAR,South-East Asia,IND,India,,,,33.0,33,,
TB_c_ret_tsr,Treatment success rate: previously treated TB cases,https://www.who.int/data/gho/data/indicators/indicator-details/GHO/treatment-success-rate-previously-treated-tb-cases,2014,2014,2014,SEAR,South-East Asia,IND,India,,,,65.0,65,,
MDG_0000000020,Incidence of tuberculosis (per 100 000 population per year),https://www.who.int/data/gho/data/indicators/indicator-details/GHO/incidence-of-tuberculosis-%28per-100-000-population-per-year%29,2000,2000,2000,SEAR,South-East Asia,IND,India,,,,322.0,322 [110-644],110.0,644.0
TB_hivtest_pos_pct,Tested TB patients HIV-positive (%),https://www.who.int/data/gho/data/indicators/indicator-details/GHO/tested-tb-patients-hiv-positive-%28-%29,2008,2008,2008,SEAR,South-East Asia,IND,India,,,,18.0,18,,
TB_c_mdr_tsr,Treatment success rate for patients treated for MDR-TB (%),https://www.who.int/data/gho/data/indicators/indicator-details/GHO/treatment-success-rate-for-patients-treated-for-mdr-tb-%28-%29,2013,2013,2013,SEAR,South-East Asia,IND,India,,,,46.0,46,,
MDG_0000000020,Incidence of tuberculosis (per 100 000 population per year),https://www.who.int/data/gho/data/indicators/indicator-details/GHO/incidence-of-tuberculosis-%28per-100-000-population-per-year%29,2018,2018,2018,SEAR,South-East Asia,IND,India,,,,208.0,208 [185-233],185.0,233.0
TB_c_mdr_tx,Cases started on MDR-TB treatment,https://www.who.int/data/gho/data/indicators/indicator-details/GHO/cases-started-on-mdr-tb-treatment,2016,2016,2016,SEAR,South-East Asia,IND,India,,,,32914.0,32 914,,
TB_e_inc_rr_num,Estimated number of MDR/RR-TB incident cases,https://www.who.int/data/gho/data/indicators/indicator-details/GHO/estimated-number-of-mdr-rr-tb-incident-cases,2015,2015,2015,SEAR,South-East Asia,IND,India,,,,120000.0,120 000 [80 000-150 000],80000.0,150000.0
TB_c_mdr_tx,Cases started on MDR-TB treatment,https://www.who.int/data/gho/data/indicators/indicator-details/GHO/cases-started-on-mdr-tb-treatment,2009,2009,2009,SEAR,South-East Asia,IND,India,,,,1136.0,1136,,
TB_e_inc_num,Number of incident tuberculosis cases,https://www.who.int/data/gho/data/indicators/indicator-details/GHO/number-of-incident-tuberculosis-cases,2023,2023,2023,SEAR,South-East Asia,IND,India,,,,2760000.0,2 760 000 [2 380 000-3 210 000],2380000.0,3210000.0
TB_rr_mdr,Confirmed cases of RR-/MDR-TB,https://www.who.int/data/gho/data/indicators/indicator-details/GHO/confirmed-cases-of-rr--mdr-tb,2011,2011,2011,SEAR,South-East Asia,IND,India,,,,4297.0,4297,,
TB_c_newinc,Tuberculosis - new and relapse cases,https://www.who.int/data/gho/data/indicators/indicator-details/GHO/tuberculosis---new-and-relapse-cases,2021,2021,2021,SEAR,South-East Asia,IND,India,,,,1965444.0,1 965 444,,
TB_c_dst_rlt_new_pct,New cases tested for RR-/MDR-TB (%),https://www.who.int/data/gho/data/indicators/indicator-details/GHO/new-cases-tested-for-rr--mdr-tb-%28-%29,2014,2014,2014,SEAR,South-East Asia,IND,India,,,,1.7,1.7,,
TB_e_inc_tbhiv_num,"Number of incident tuberculosis cases,  (HIV-positive cases)",https://www.who.int/data/gho/data/indicators/indicator-details/GHO/number-of-incident-tuberculosis-cases-%28hiv-positive-cases%29,2016,2016,2016,SEAR,South-East Asia,IND,India,,,,95000.0,95 000 [72 000-120 000],72000.0,120000.0
TB_e_inc_tbhiv_num,"Number of incident tuberculosis cases,  (HIV-positive cases)",https://www.who.int/data/gho/data/indicators/indicator-details/GHO/number-of-incident-tuberculosis-cases-%28hiv-positive-cases%29,2013,2013,2013,SEAR,South-East Asia,IND,India,,,,160000.0,160 000 [86 000-255 000],86000.0,255000.0
TB_c_tbhiv_tsr,Treatment success rate: HIV-positive TB cases,https://www.who.int/data/gho/data/indicators/indicator-details/GHO/treatment-success-rate-hiv-positive-tb-cases,2012,2012,2012,SEAR,South-East Asia,IND,India,,,,77.0,77,,
TB_c_dst_rlt_new_pct,New cases tested for RR-/MDR-TB (%),https://www.who.int/data/gho/data/indicators/indicator-details/GHO/new-cases-tested-for-rr--mdr-tb-%28-%29,2017,2017,2017,SEAR,South-East Asia,IND,India,,,,62.0,62,,
TB_hivtest_pos_pct,Tested TB patients HIV-positive (%),https://www.who.int/data/gho/data/indicators/indicator-details/GHO/tested-tb-patients-hiv-positive-%28-%29,2014,2014,2014,SEAR,South-East Asia,IND,India,,,,4.3,4.3,,
TB_c_newinc,Tuberculosis - new and relapse cases,https://www.who.int/data/gho/data/indicators/indicator-details/GHO/tuberculosis---new-and-relapse-cases,2014,2014,2014,SEAR,South-East Asia,IND,India,,,,1609547.0,1 609 547,,
TB_c_ret_tsr,Treatment success rate: previously treated TB cases,https://www.who.int/data/gho/data/indicators/indicator-details/GHO/treatment-success-rate-previously-treated-tb-cases,1996,1996,1996,SEAR,South-East Asia,IND,India,,,,67.0,67,,
TB_c_newinc,Tuberculosis - new and relapse cases,https://www.who.int/data/gho/data/indicators/indicator-details/GHO/tuberculosis---new-and-relapse-cases,2001,2001,2001,SEAR,South-East Asia,IND,India,,,,1085075.0,1 085 075,,
TB_c_mdr_tsr,Treatment success rate for patients treated for MDR-TB (%),https://www.who.int/data/gho/data/indicators/indicator-details/GHO/treatment-success-rate-for-patients-treated-for-mdr-tb-%28-%29,2010,2010,2010,SEAR,South-East Asia,IND,India,,,,48.0,48,,
TB_c_mdr_tx,Cases started on MDR-TB treatment,https://www.who.int/data/gho/data/indicators/indicator-details/GHO/cases-started-on-mdr-tb-treatment,2023,2023,2023,SEAR,South-East Asia,IND,India,,,,58780.0,58 780,,
TB_c_dst_rlt_ret_pct,Previously treated cases tested for RR-/MDR-TB (%),https://www.who.int/data/gho/data/indicators/indicator-details/GHO/previously-treated-cases-tested-for-rr--mdr-tb-%28-%29,2017,2017,2017,SEAR,South-East Asia,IND,India,,,,88.0,88,,
TB_e_inc_tbhiv_num,"Number of incident tuberculosis cases,  (HIV-positive cases)",https://www.who.int/data/gho/data/indicators/indicator-details/GHO/number-of-incident-tuberculosis-cases-%28hiv-positive-cases%29,2020,2020,2020,SEAR,South-East Asia,IND,India,,,,56000.0,56 000 [43 000-71 000],43000.0,71000.0
TB_e_inc_tbhiv_num,"Number of incident tuberculosis cases,  (HIV-positive cases)",https://www.who.int/data/gho/data/indicators/indicator-details/GHO/number-of-incident-tuberculosis-cases-%28hiv-positive-cases%29,2009,2009,2009,SEAR,South-East Asia,IND,India,,,,239000.0,239 000 [48 000-582 000],48000.0,582000.0
TB_c_ret_tsr,Treatment success rate: previously treated TB cases,https://www.who.int/data/gho/data/indicators/indicator-details/GHO/treatment-success-rate-previously-treated-tb-cases,1997,1997,1997,SEAR,South-East Asia,IND,India,,,,65.0,65,,
TB_c_xdr_tsr,Treatment success rate: XDR-TB cases,https://www.who.int/data/gho/data/indicators/indicator-details/GHO/estimated-xdr-tb-cases,2021,2021,2021,SEAR,South-East Asia,IND,India,,,,69.0,69,,
TB_hivtest_pct,TB patients with known HIV status (%),https://www.who.int/data/gho/data/indicators/indicator-details/GHO/tb-patients-with-known-hiv-status-%28-%29,2024,2024,2024,SEAR,South-East Asia,IND,India,,,,97.0,97,,
TB_hivtest_pos_pct,Tested TB patients HIV-positive (%),https://www.who.int/data/gho/data/indicators/indicator-details/GHO/tested-tb-patients-hiv-positive-%28-%29,2020,2020,2020,SEAR,South-East Asia,IND,India,,,,2.0,2,,
TB_c_mdr_tsr,Treatment success rate for patients treated for MDR-TB (%),https://www.who.int/data/gho/data/indicators/indicator-details/GHO/treatment-success-rate-for-patients-treated-for-mdr-tb-%28-%29,2008,2008,2008,SEAR,South-East Asia,IND,India,,,,44.0,44,,
TB_c_mdr_tsr,Treatment success rate for patients treated for MDR-TB (%),https://www.who.int/data/gho/data/indicators/indicator-details/GHO/treatment-success-rate-for-patients-treated-for-mdr-tb-%28-%29,2009,2009,2009,SEAR,South-East Asia,IND,India,,,,50.0,50,,
TB_1,Tuberculosis treatment coverage,https://www.who.int/data/gho/data/indicators/indicator-details/GHO/tuberculosis-treatment-coverage,2021,2021,2021,SEAR,South-East Asia,IND,India,,,,71.0,71 [61-82],61.0,82.0
MDG_0000000020,Incidence of tuberculosis (per 100 000 population per year),https://www.who.int/data/gho/data/indicators/indicator-details/GHO/incidence-of-tuberculosis-%28per-100-000-population-per-year%29,2016,2016,2016,SEAR,South-East Asia,IND,India,,,,225.0,225 [191-263],191.0,263.0
TB_e_inc_tbhiv_num,"Number of incident tuberculosis cases,  (HIV-positive cases)",https://www.who.int/data/gho/data/indicators/indicator-details/GHO/number-of-incident-tuberculosis-cases-%28hiv-positive-cases%29,2024,2024,2024,SEAR,South-East Asia,IND,India,,,,37000.0,37 000 [29 000-47 000],29000.0,47000.0
TB_c_new_tsr,Treatment success rate: new TB cases,https://www.who.int/data/gho/data/indicators/indicator-details/GHO/treatment-success-rate-new-tb-cases,2008,2008,2008,SEAR,South-East Asia,IND,India,,,,88.0,88,,
TB_c_dst_rlt_new_pct,New cases tested for RR-/MDR-TB (%),https://www.who.int/data/gho/data/indicators/indicator-details/GHO/new-cases-tested-for-rr--mdr-tb-%28-%29,2022,2022,2022,SEAR,South-East Asia,IND,India,,,,76.0,76,,
TB_e_inc_tbhiv_num,"Number of incident tuberculosis cases,  (HIV-positive cases)",https://www.who.int/data/gho/data/indicators/indicator-details/GHO/number-of-incident-tuberculosis-cases-%28hiv-positive-cases%29,2000,2000,2000,SEAR,South-East Asia,IND,India,,,,465000.0,465 000 [85 000-1 160 000],85000.0,1160000.0
TB_hivtest_pct,TB patients with known HIV status (%),https://www.who.int/data/gho/data/indicators/indicator-details/GHO/tb-patients-with-known-hiv-status-%28-%29,2015,2015,2015,SEAR,South-East Asia,IND,India,,,,67.0,67,,
TB_e_inc_num,Number of incident tuberculosis cases,https://www.who.int/data/gho/data/indicators/indicator-details/GHO/number-of-incident-tuberculosis-cases,2008,2008,2008,SEAR,South-East Asia,IND,India,,,,3520000.0,3 520 000 [1 360 000-6 670 000],1360000.0,6670000.0
TB_hivtest_pos_pct,Tested TB patients HIV-positive (%),https://www.who.int/data/gho/data/indicators/indicator-details/GHO/tested-tb-patients-hiv-positive-%28-%29,2010,2010,2010,SEAR,South-East Asia,IND,India,,,,8.6,8.6,,
TB_1,Tuberculosis treatment coverage,https://www.who.int/data/gho/data/indicators/indicator-details/GHO/tuberculosis-treatment-coverage,2011,2011,2011,SEAR,South-East Asia,IND,India,,,,39.0,39 [24-76],24.0,76.0
TB_e_inc_tbhiv_num,"Number of incident tuberculosis cases,  (HIV-positive cases)",https://www.who.int/data/gho/data/indicators/indicator-details/GHO/number-of-incident-tuberculosis-cases-%28hiv-positive-cases%29,2005,2005,2005,SEAR,South-East Asia,IND,India,,,,271000.0,271 000 [48 000-684 000],48000.0,684000.0
TB_c_mdr_tsr,Treatment success rate for patients treated for MDR-TB (%),https://www.who.int/data/gho/data/indicators/indicator-details/GHO/treatment-success-rate-for-patients-treated-for-mdr-tb-%28-%29,2007,2007,2007,SEAR,South-East Asia,IND,India,,,,52.0,52,,
TB_hivtest_pos_pct,Tested TB patients HIV-positive (%),https://www.who.int/data/gho/data/indicators/indicator-details/GHO/tested-tb-patients-hiv-positive-%28-%29,2021,2021,2021,SEAR,South-East Asia,IND,India,,,,1.8,1.8,,
TB_c_tbhiv_tsr,Treatment success rate: HIV-positive TB cases,https://www.who.int/data/gho/data/indicators/indicator-details/GHO/treatment-success-rate-hiv-positive-tb-cases,2015,2015,2015,SEAR,South-East Asia,IND,India,,,,78.0,78,,
TB_e_inc_num,Number of incident tuberculosis cases,https://www.who.int/data/gho/data/indicators/indicator-details/GHO/number-of-incident-tuberculosis-cases,2017,2017,2017,SEAR,South-East Asia,IND,India,,,,2950000.0,2 950 000 [2 620 000-3 290 000],2620000.0,3290000.0
TB_c_new_tsr,Treatment success rate: new TB cases,https://www.who.int/data/gho/data/indicators/indicator-details/GHO/treatment-success-rate-new-tb-cases,1997,1997,1997,SEAR,South-East Asia,IND,India,,,,18.0,18,,
TB_rr_mdr,Confirmed cases of RR-/MDR-TB,https://www.who.int/data/gho/data/indicators/indicator-details/GHO/confirmed-cases-of-rr--mdr-tb,2021,2021,2021,SEAR,South-East Asia,IND,India,,,,58837.0,58 837,,
TB_c_xdr_tsr,Treatment success rate: XDR-TB cases,https://www.who.int/data/gho/data/indicators/indicator-details/GHO/estimated-xdr-tb-cases,2016,2016,2016,SEAR,South-East Asia,IND,India,,,,30.0,30,,
TB_c_new_tsr,Treatment success rate: new TB cases,https://www.who.int/data/gho/data/indicators/indicator-details/GHO/treatment-success-rate-new-tb-cases,2012,2012,2012,SEAR,South-East Asia,IND,India,,,,88.0,88,,
TB_c_mdr_tx,Cases started on MDR-TB treatment,https://www.who.int/data/gho/data/indicators/indicator-details/GHO/cases-started-on-mdr-tb-treatment,2015,2015,2015,SEAR,South-East Asia,IND,India,,,,26966.0,26 966,,
MDG_0000000020,Incidence of tuberculosis (per 100 000 population per year),https://www.who.int/data/gho/data/indicators/indicator-details/GHO/incidence-of-tuberculosis-%28per-100-000-population-per-year%29,2024,2024,2024,SEAR,South-East Asia,IND,India,,,,187.0,187 [160-218],160.0,218.0
TB_hivtest_pos_pct,Tested TB patients HIV-positive (%),https://www.who.int/data/gho/data/indicators/indicator-details/GHO/tested-tb-patients-hiv-positive-%28-%29,2016,2016,2016,SEAR,South-East Asia,IND,India,,,,3.1,3.1,,
TB_c_mdr_tsr,Treatment success rate for patients treated for MDR-TB (%),https://www.who.int/data/gho/data/indicators/indicator-details/GHO/treatment-success-rate-for-patients-treated-for-mdr-tb-%28-%29,2021,2021,2021,SEAR,South-East Asia,IND,India,,,,73.0,73,,
TB_rr_mdr,Confirmed cases of RR-/MDR-TB,https://www.who.int/data/gho/data/indicators/indicator-details/GHO/confirmed-cases-of-rr--mdr-tb,2018,2018,2018,SEAR,South-East Asia,IND,India,,,,58347.0,58 347,,
TB_1,Tuberculosis treatment coverage,https://www.who.int/data/gho/data/indicators/indicator-details/GHO/tuberculosis-treatment-coverage,2022,2022,2022,SEAR,South-East Asia,IND,India,,,,81.0,81 [70-93],70.0,93.0
TB_e_inc_tbhiv_100k,Incidence of tuberculosis (per 100 000 population) (HIV-positive cases),https://www.who.int/data/gho/data/indicators/indicator-details/GHO/incidence-of-tuberculosis-%28per-100-000-population%29-%28hiv-positive-cases%29,2000,2000,2000,SEAR,South-East Asia,IND,India,,,,39.0,39 [7.2-99],7.2,99.0
TB_e_inc_tbhiv_num,"Number of incident tuberculosis cases,  (HIV-positive cases)",https://www.who.int/data/gho/data/indicators/indicator-details/GHO/number-of-incident-tuberculosis-cases-%28hiv-positive-cases%29,2004,2004,2004,SEAR,South-East Asia,IND,India,,,,277000.0,277 000 [48 000-701 000],48000.0,701000.0
TB_e_inc_tbhiv_100k,Incidence of tuberculosis (per 100 000 population) (HIV-positive cases),https://www.who.int/data/gho/data/indicators/indicator-details/GHO/incidence-of-tuberculosis-%28per-100-000-population%29-%28hiv-positive-cases%29,2005,2005,2005,SEAR,South-East Asia,IND,India,,,,21.0,21 [3.7-53],3.7,53.0
MDG_0000000020,Incidence of tuberculosis (per 100 000 population per year),https://www.who.int/data/gho/data/indicators/indicator-details/GHO/incidence-of-tuberculosis-%28per-100-000-population-per-year%29,2021,2021,2021,SEAR,South-East Asia,IND,India,,,,196.0,196 [170-227],170.0,227.0
TB_c_new_tsr,Treatment success rate: new TB cases,https://www.who.int/data/gho/data/indicators/indicator-details/GHO/treatment-success-rate-new-tb-cases,2016,2016,2016,SEAR,South-East Asia,IND,India,,,,69.0,69,,
TB_e_inc_tbhiv_num,"Number of incident tuberculosis cases,  (HIV-positive cases)",https://www.who.int/data/gho/data/indicators/indicator-details/GHO/number-of-incident-tuberculosis-cases-%28hiv-positive-cases%29,2001,2001,2001,SEAR,South-East Asia,IND,India,,,,395000.0,395 000 [71 000-992 000],71000.0,992000.0
MDG_0000000020,Incidence of tuberculosis (per 100 000 population per year),https://www.who.int/data/gho/data/indicators/indicator-details/GHO/incidence-of-tuberculosis-%28per-100-000-population-per-year%29,2020,2020,2020,SEAR,South-East Asia,IND,India,,,,197.0,197 [171-228],171.0,228.0
TB_e_inc_num,Number of incident tuberculosis cases,https://www.who.int/data/gho/data/indicators/indicator-details/GHO/number-of-incident-tuberculosis-cases,2000,2000,2000,SEAR,South-East Asia,IND,India,,,,3400000.0,3 400 000 [1 160 000-6 810 000],1160000.0,6810000.0
TB_e_inc_rr_num,Estimated number of MDR/RR-TB incident cases,https://www.who.int/data/gho/data/indicators/indicator-details/GHO/estimated-number-of-mdr-rr-tb-incident-cases,2021,2021,2021,SEAR,South-East Asia,IND,India,,,,120000.0,120 000 [98 000-140 000],98000.0,140000.0
TB_c_ret_tsr,Treatment success rate: previously treated TB cases,https://www.who.int/data/gho/data/indicators/indicator-details/GHO/treatment-success-rate-previously-treated-tb-cases,2004,2004,2004,SEAR,South-East Asia,IND,India,,,,73.0,73,,
TB_c_newinc,Tuberculosis - new and relapse cases,https://www.who.int/data/gho/data/indicators/indicator-details/GHO/tuberculosis---new-and-relapse-cases,2006,2006,2006,SEAR,South-East Asia,IND,India,,,,1228827.0,1 228 827,,
TB_c_mdr_tx,Cases started on MDR-TB treatment,https://www.who.int/data/gho/data/indicators/indicator-details/GHO/cases-started-on-mdr-tb-treatment,2013,2013,2013,SEAR,South-East Asia,IND,India,,,,21093.0,21 093,,
TB_c_mdr_tsr,Treatment success rate for patients treated for MDR-TB (%),https://www.who.int/data/gho/data/indicators/indicator-details/GHO/treatment-success-rate-for-patients-treated-for-mdr-tb-%28-%29,2016,2016,2016,SEAR,South-East Asia,IND,India,,,,48.0,48,,
TB_e_inc_num,Number of incident tuberculosis cases,https://www.who.int/data/gho/data/indicators/indicator-details/GHO/number-of-incident-tuberculosis-cases,2016,2016,2016,SEAR,South-East Asia,IND,India,,,,3030000.0,3 030 000 [2 560 000-3 530 000],2560000.0,3530000.0
TB_rr_mdr,Confirmed cases of RR-/MDR-TB,https://www.who.int/data/gho/data/indicators/indicator-details/GHO/confirmed-cases-of-rr--mdr-tb,2015,2015,2015,SEAR,South-East Asia,IND,India,,,,28876.0,28 876,,
TB_rr_mdr,Confirmed cases of RR-/MDR-TB,https://www.who.int/data/gho/data/indicators/indicator-details/GHO/confirmed-cases-of-rr--mdr-tb,2013,2013,2013,SEAR,South-East Asia,IND,India,,,,23162.0,23 162,,
TB_c_new_tsr,Treatment success rate: new TB cases,https://www.who.int/data/gho/data/indicators/indicator-details/GHO/treatment-success-rate-new-tb-cases,1995,1995,1995,SEAR,South-East Asia,IND,India,,,,25.0,25,,
TB_c_new_tsr,Treatment success rate: new TB cases,https://www.who.int/data/gho/data/indicators/indicator-details/GHO/treatment-success-rate-new-tb-cases,2023,2023,2023,SEAR,South-East Asia,IND,India,,,,90.0,90,,
TB_e_inc_num,Number of incident tuberculosis cases,https://www.who.int/data/gho/data/indicators/indicator-details/GHO/number-of-incident-tuberculosis-cases,2001,2001,2001,SEAR,South-East Asia,IND,India,,,,3460000.0,3 460 000 [1 190 000-6 920 000],1190000.0,6920000.0
MDG_0000000020,Incidence of tuberculosis (per 100 000 population per year),https://www.who.int/data/gho/data/indicators/indicator-details/GHO/incidence-of-tuberculosis-%28per-100-000-population-per-year%29,2014,2014,2014,SEAR,South-East Asia,IND,India,,,,243.0,243 [171-329],171.0,329.0
TB_c_ret_tsr,Treatment success rate: previously treated TB cases,https://www.who.int/data/gho/data/indicators/indicator-details/GHO/treatment-success-rate-previously-treated-tb-cases,1999,1999,1999,SEAR,South-East Asia,IND,India,,,,69.0,69,,
TB_e_inc_tbhiv_100k,Incidence of tuberculosis (per 100 000 population) (HIV-positive cases),https://www.who.int/data/gho/data/indicators/indicator-details/GHO/incidence-of-tuberculosis-%28per-100-000-population%29-%28hiv-positive-cases%29,2001,2001,2001,SEAR,South-East Asia,IND,India,,,,33.0,33 [5.9-83],5.9,83.0
TB_e_inc_num,Number of incident tuberculosis cases,https://www.who.int/data/gho/data/indicators/indicator-details/GHO/number-of-incident-tuberculosis-cases,2024,2024,2024,SEAR,South-East Asia,IND,India,,,,2710000.0,2 710 000 [2 330 000-3 160 000],2330000.0,3160000.0
TB_hivtest_pct,TB patients with known HIV status (%),https://www.who.int/data/gho/data/indicators/indicator-details/GHO/tb-patients-with-known-hiv-status-%28-%29,2010,2010,2010,SEAR,South-East Asia,IND,India,,,,32.0,32,,
TB_hivtest_pos_pct,Tested TB patients HIV-positive (%),https://www.who.int/data/gho/data/indicators/indicator-details/GHO/tested-tb-patients-hiv-positive-%28-%29,2023,2023,2023,SEAR,South-East Asia,IND,India,,,,1.5,1.5,,
TB_hivtest_pct,TB patients with known HIV status (%),https://www.who.int/data/gho/data/indicators/indicator-details/GHO/tb-patients-with-known-hiv-status-%28-%29,2006,2006,2006,SEAR,South-East Asia,IND,India,,,,4.3,4.3,,
TB_e_inc_tbhiv_100k,Incidence of tuberculosis (per 100 000 population) (HIV-positive cases),https://www.who.int/data/gho/data/indicators/indicator-details/GHO/incidence-of-tuberculosis-%28per-100-000-population%29-%28hiv-positive-cases%29,2008,2008,2008,SEAR,South-East Asia,IND,India,,,,19.0,19 [3.7-47],3.7,47.0
TB_c_dst_rlt_ret_pct,Previously treated cases tested for RR-/MDR-TB (%),https://www.who.int/data/gho/data/indicators/indicator-details/GHO/previously-treated-cases-tested-for-rr--mdr-tb-%28-%29,2009,2009,2009,SEAR,South-East Asia,IND,India,,,,1.2,1.2,,
TB_c_dst_rlt_new_pct,New cases tested for RR-/MDR-TB (%),https://www.who.int/data/gho/data/indicators/indicator-details/GHO/new-cases-tested-for-rr--mdr-tb-%28-%29,2023,2023,2023,SEAR,South-East Asia,IND,India,,,,82.0,82,,
TB_c_dst_rlt_ret_pct,Previously treated cases tested for RR-/MDR-TB (%),https://www.who.int/data/gho/data/indicators/indicator-details/GHO/previously-treated-cases-tested-for-rr--mdr-tb-%28-%29,2022,2022,2022,SEAR,South-East Asia,IND,India,,,,80.0,80,,
TB_1,Tuberculosis treatment coverage,https://www.who.int/data/gho/data/indicators/indicator-details/GHO/tuberculosis-treatment-coverage,2018,2018,2018,SEAR,South-East Asia,IND,India,,,,67.0,67 [60-75],60.0,75.0
MDG_0000000020,Incidence of tuberculosis (per 100 000 population per year),https://www.who.int/data/gho/data/indicators/indicator-details/GHO/incidence-of-tuberculosis-%28per-100-000-population-per-year%29,2002,2002,2002,SEAR,South-East Asia,IND,India,,,,320.0,320 [110-638],110.0,638.0
TB_c_dst_rlt_new_pct,New cases tested for RR-/MDR-TB (%),https://www.who.int/data/gho/data/indicators/indicator-details/GHO/new-cases-tested-for-rr--mdr-tb-%28-%29,2018,2018,2018,SEAR,South-East Asia,IND,India,,,,48.0,48,,
TB_e_inc_tbhiv_num,"Number of incident tuberculosis cases,  (HIV-positive cases)",https://www.who.int/data/gho/data/indicators/indicator-details/GHO/number-of-incident-tuberculosis-cases-%28hiv-positive-cases%29,2008,2008,2008,SEAR,South-East Asia,IND,India,,,,258000.0,258 000 [50 000-633 000],50000.0,633000.0
MDG_0000000020,Incidence of tuberculosis (per 100 000 population per year),https://www.who.int/data/gho/data/indicators/indicator-details/GHO/incidence-of-tuberculosis-%28per-100-000-population-per-year%29,2013,2013,2013,SEAR,South-East Asia,IND,India,,,,248.0,248 [141-385],141.0,385.0
TB_c_mdr_tsr,Treatment success rate for patients treated for MDR-TB (%),https://www.who.int/data/gho/data/indicators/indicator-details/GHO/treatment-success-rate-for-patients-treated-for-mdr-tb-%28-%29,2022,2022,2022,SEAR,South-East Asia,IND,India,,,,77.0,77,,
TB_e_inc_rr_num,Estimated number of MDR/RR-TB incident cases,https://www.who.int/data/gho/data/indicators/indicator-details/GHO/estimated-number-of-mdr-rr-tb-incident-cases,2017,2017,2017,SEAR,South-East Asia,IND,India,,,,110000.0,110 000 [92 000-140 000],92000.0,140000.0
TB_1,Tuberculosis treatment coverage,https://www.who.int/data/gho/data/indicators/indicator-details/GHO/tuberculosis-treatment-coverage,2019,2019,2019,SEAR,South-East Asia,IND,India,,,,77.0,77 [69-87],69.0,87.0
TB_hivtest_pos_pct,Tested TB patients HIV-positive (%),https://www.who.int/data/gho/data/indicators/indicator-details/GHO/tested-tb-patients-hiv-positive-%28-%29,2006,2006,2006,SEAR,South-East Asia,IND,India,,,,15.0,15,,
TB_c_ret_tsr,Treatment success rate: previously treated TB cases,https://www.who.int/data/gho/data/indicators/indicator-details/GHO/treatment-success-rate-previously-treated-tb-cases,2001,2001,2001,SEAR,South-East Asia,IND,India,,,,58.0,58,,
TB_hivtest_pos_pct,Tested TB patients HIV-positive (%),https://www.who.int/data/gho/data/indicators/indicator-details/GHO/tested-tb-patients-hiv-positive-%28-%29,2005,2005,2005,SEAR,South-East Asia,IND,India,,,,22.0,22,,
TB_1,Tuberculosis treatment coverage,https://www.who.int/data/gho/data/indicators/indicator-details/GHO/tuberculosis-treatment-coverage,2009,2009,2009,SEAR,South-East Asia,IND,India,,,,39.0,39 [21-97],21.0,97.0
TB_c_ret_tsr,Treatment success rate: previously treated TB cases,https://www.who.int/data/gho/data/indicators/indicator-details/GHO/treatment-success-rate-previously-treated-tb-cases,1995,1995,1995,SEAR,South-East Asia,IND,India,,,,70.0,70,,
MDG_0000000020,Incidence of tuberculosis (per 100 000 population per year),https://www.who.int/data/gho/data/indicators/indicator-details/GHO/incidence-of-tuberculosis-%28per-100-000-population-per-year%29,2017,2017,2017,SEAR,South-East Asia,IND,India,,,,217.0,217 [192-242],192.0,242.0
TB_e_inc_num,Number of incident tuberculosis cases,https://www.who.int/data/gho/data/indicators/indicator-details/GHO/number-of-incident-tuberculosis-cases,2021,2021,2021,SEAR,South-East Asia,IND,India,,,,2770000.0,2 770 000 [2 400 000-3 210 000],2400000.0,3210000.0
TB_c_ret_tsr,Treatment success rate: previously treated TB cases,https://www.who.int/data/gho/data/indicators/indicator-details/GHO/treatment-success-rate-previously-treated-tb-cases,2013,2013,2013,SEAR,South-East Asia,IND,India,,,,66.0,66,,
TB_c_new_tsr,Treatment success rate: new TB cases,https://www.who.int/data/gho/data/indicators/indicator-details/GHO/treatment-success-rate-new-tb-cases,2022,2022,2022,SEAR,South-East Asia,IND,India,,,,89.0,89,,
TB_e_inc_tbhiv_100k,Incidence of tuberculosis (per 100 000 population) (HIV-positive cases),https://www.who.int/data/gho/data/indicators/indicator-details/GHO/incidence-of-tuberculosis-%28per-100-000-population%29-%28hiv-positive-cases%29,2006,2006,2006,SEAR,South-East Asia,IND,India,,,,21.0,21 [3.8-52],3.8,52.0
MDG_0000000020,Incidence of tuberculosis (per 100 000 population per year),https://www.who.int/data/gho/data/indicators/indicator-details/GHO/incidence-of-tuberculosis-%28per-100-000-population-per-year%29,2023,2023,2023,SEAR,South-East Asia,IND,India,,,,192.0,192 [166-223],166.0,223.0
TB_e_inc_tbhiv_100k,Incidence of tuberculosis (per 100 000 population) (HIV-positive cases),https://www.who.int/data/gho/data/indicators/indicator-details/GHO/incidence-of-tuberculosis-%28per-100-000-population%29-%28hiv-positive-cases%29,2007,2007,2007,SEAR,South-East Asia,IND,India,,,,19.0,19 [6.8-37],6.8,37.0
TB_c_newinc,Tuberculosis - new and relapse cases,https://www.who.int/data/gho/data/indicators/indicator-details/GHO/tuberculosis---new-and-relapse-cases,2015,2015,2015,SEAR,South-East Asia,IND,India,,,,1667136.0,1 667 136,,
TB_hivtest_pct,TB patients with known HIV status (%),https://www.who.int/data/gho/data/indicators/indicator-details/GHO/tb-patients-with-known-hiv-status-%28-%29,2022,2022,2022,SEAR,South-East Asia,IND,India,,,,96.0,96,,
TB_hivtest_pos_pct,Tested TB patients HIV-positive (%),https://www.who.int/data/gho/data/indicators/indicator-details/GHO/tested-tb-patients-hiv-positive-%28-%29,2017,2017,2017,SEAR,South-East Asia,IND,India,,,,2.9,2.9,,
TB_c_ret_tsr,Treatment success rate: previously treated TB cases,https://www.who.int/data/gho/data/indicators/indicator-details/GHO/treatment-success-rate-previously-treated-tb-cases,2023,2023,2023,SEAR,South-East Asia,IND,India,,,,90.0,90,,
TB_e_inc_tbhiv_100k,Incidence of tuberculosis (per 100 000 population) (HIV-positive cases),https://www.who.int/data/gho/data/indicators/indicator-details/GHO/incidence-of-tuberculosis-%28per-100-000-population%29-%28hiv-positive-cases%29,2011,2011,2011,SEAR,South-East Asia,IND,India,,,,15.0,15 [3.1-35],3.1,35.0
TB_hivtest_pos_pct,Tested TB patients HIV-positive (%),https://www.who.int/data/gho/data/indicators/indicator-details/GHO/tested-tb-patients-hiv-positive-%28-%29,2009,2009,2009,SEAR,South-East Asia,IND,India,,,,14.0,14,,
TB_c_new_tsr,Treatment success rate: new TB cases,https://www.who.int/data/gho/data/indicators/indicator-details/GHO/treatment-success-rate-new-tb-cases,2007,2007,2007,SEAR,South-East Asia,IND,India,,,,88.0,88,,
TB_c_mdr_tsr,Treatment success rate for patients treated for MDR-TB (%),https://www.who.int/data/gho/data/indicators/indicator-details/GHO/treatment-success-rate-for-patients-treated-for-mdr-tb-%28-%29,2014,2014,2014,SEAR,South-East Asia,IND,India,,,,46.0,46,,
TB_c_mdr_tsr,Treatment success rate for patients treated for MDR-TB (%),https://www.who.int/data/gho/data/indicators/indicator-details/GHO/treatment-success-rate-for-patients-treated-for-mdr-tb-%28-%29,2018,2018,2018,SEAR,South-East Asia,IND,India,,,,56.0,56,,
TB_c_tbhiv_tsr,Treatment success rate: HIV-positive TB cases,https://www.who.int/data/gho/data/indicators/indicator-details/GHO/treatment-success-rate-hiv-positive-tb-cases,2014,2014,2014,SEAR,South-East Asia,IND,India,,,,76.0,76,,
TB_e_inc_tbhiv_100k,Incidence of tuberculosis (per 100 000 population) (HIV-positive cases),https://www.who.int/data/gho/data/indicators/indicator-details/GHO/incidence-of-tuberculosis-%28per-100-000-population%29-%28hiv-positive-cases%29,2012,2012,2012,SEAR,South-East Asia,IND,India,,,,14.0,14 [3-33],3.0,33.0
MDG_0000000020,Incidence of tuberculosis (per 100 000 population per year),https://www.who.int/data/gho/data/indicators/indicator-details/GHO/incidence-of-tuberculosis-%28per-100-000-population-per-year%29,2015,2015,2015,SEAR,South-East Asia,IND,India,,,,237.0,237 [181-300],181.0,300.0
TB_e_inc_rr_num,Estimated number of MDR/RR-TB incident cases,https://www.who.int/data/gho/data/indicators/indicator-details/GHO/estimated-number-of-mdr-rr-tb-incident-cases,2018,2018,2018,SEAR,South-East Asia,IND,India,,,,110000.0,110 000 [93 000-140 000],93000.0,140000.0
MDG_0000000020,Incidence of tuberculosis (per 100 000 population per year),https://www.who.int/data/gho/data/indicators/indicator-details/GHO/incidence-of-tuberculosis-%28per-100-000-population-per-year%29,2009,2009,2009,SEAR,South-East Asia,IND,India,,,,283.0,283 [113-530],113.0,530.0
TB_c_mdr_tsr,Treatment success rate for patients treated for MDR-TB (%),https://www.who.int/data/gho/data/indicators/indicator-details/GHO/treatment-success-rate-for-patients-treated-for-mdr-tb-%28-%29,2015,2015,2015,SEAR,South-East Asia,IND,India,,,,46.0,46,,
TB_e_inc_num,Number of incident tuberculosis cases,https://www.who.int/data/gho/data/indicators/indicator-details/GHO/number-of-incident-tuberculosis-cases,2011,2011,2011,SEAR,South-East Asia,IND,India,,,,3380000.0,3 380 000 [1 750 000-5 550 000],1750000.0,5550000.0
TB_c_tbhiv_tsr,Treatment success rate: HIV-positive TB cases,https://www.who.int/data/gho/data/indicators/indicator-details/GHO/treatment-success-rate-hiv-positive-tb-cases,2021,2021,2021,SEAR,South-East Asia,IND,India,,,,78.0,78,,
TB_c_dst_rlt_ret_pct,Previously treated cases tested for RR-/MDR-TB (%),https://www.who.int/data/gho/data/indicators/indicator-details/GHO/previously-treated-cases-tested-for-rr--mdr-tb-%28-%29,2021,2021,2021,SEAR,South-East Asia,IND,India,,,,73.0,73,,
TB_e_inc_tbhiv_100k,Incidence of tuberculosis (per 100 000 population) (HIV-positive cases),https://www.who.int/data/gho/data/indicators/indicator-details/GHO/incidence-of-tuberculosis-%28per-100-000-population%29-%28hiv-positive-cases%29,2013,2013,2013,SEAR,South-East Asia,IND,India,,,,11.0,11 [5.1-20],5.1,20.0
TB_c_ret_tsr,Treatment success rate: previously treated TB cases,https://www.who.int/data/gho/data/indicators/indicator-details/GHO/treatment-success-rate-previously-treated-tb-cases,2019,2019,2019,SEAR,South-East Asia,IND,India,,,,77.0,77,,
TB_e_inc_tbhiv_100k,Incidence of tuberculosis (per 100 000 population) (HIV-positive cases),https://www.who.int/data/gho/data/indicators/indicator-details/GHO/incidence-of-tuberculosis-%28per-100-000-population%29-%28hiv-positive-cases%29,2010,2010,2010,SEAR,South-East Asia,IND,India,,,,16.0,16 [3.2-38],3.2,38.0
TB_c_tbhiv_tsr,Treatment success rate: HIV-positive TB cases,https://www.who.int/data/gho/data/indicators/indicator-details/GHO/treatment-success-rate-hiv-positive-tb-cases,2013,2013,2013,SEAR,South-East Asia,IND,India,,,,76.0,76,,
TB_c_dst_rlt_ret_pct,Previously treated cases tested for RR-/MDR-TB (%),https://www.who.int/data/gho/data/indicators/indicator-details/GHO/previously-treated-cases-tested-for-rr--mdr-tb-%28-%29,2016,2016,2016,SEAR,South-East Asia,IND,India,,,,69.0,69,,
TB_hivtest_pos_pct,Tested TB patients HIV-positive (%),https://www.who.int/data/gho/data/indicators/indicator-details/GHO/tested-tb-patients-hiv-positive-%28-%29,2011,2011,2011,SEAR,South-East Asia,IND,India,,,,6.5,6.5,,
TB_rr_mdr,Confirmed cases of RR-/MDR-TB,https://www.who.int/data/gho/data/indicators/indicator-details/GHO/confirmed-cases-of-rr--mdr-tb,2023,2023,2023,SEAR,South-East Asia,IND,India,,,,64595.0,64 595,,
TB_c_ret_tsr,Treatment success rate: previously treated TB cases,https://www.who.int/data/gho/data/indicators/indicator-details/GHO/treatment-success-rate-previously-treated-tb-cases,2010,2010,2010,SEAR,South-East Asia,IND,India,,,,74.0,74,,
TB_c_mdr_tsr,Treatment success rate for patients treated for MDR-TB (%),https://www.who.int/data/gho/data/indicators/indicator-details/GHO/treatment-success-rate-for-patients-treated-for-mdr-tb-%28-%29,2011,2011,2011,SEAR,South-East Asia,IND,India,,,,50.0,50,,
TB_c_newinc,Tuberculosis - new and relapse cases,https://www.who.int/data/gho/data/indicators/indicator-details/GHO/tuberculosis---new-and-relapse-cases,2019,2019,2019,SEAR,South-East Asia,IND,India,,,,2162323.0,2 162 323,,
TB_1,Tuberculosis treatment coverage,https://www.who.int/data/gho/data/indicators/indicator-details/GHO/tuberculosis-treatment-coverage,2008,2008,2008,SEAR,South-East Asia,IND,India,,,,38.0,38 [20-98],20.0,98.0
TB_hivtest_pos_pct,Tested TB patients HIV-positive (%),https://www.who.int/data/gho/data/indicators/indicator-details/GHO/tested-tb-patients-hiv-positive-%28-%29,2024,2024,2024,SEAR,South-East Asia,IND,India,,,,1.4,1.4,,
TB_e_inc_tbhiv_100k,Incidence of tuberculosis (per 100 000 population) (HIV-positive cases),https://www.who.int/data/gho/data/indicators/indicator-details/GHO/incidence-of-tuberculosis-%28per-100-000-population%29-%28hiv-positive-cases%29,2003,2003,2003,SEAR,South-East Asia,IND,India,,,,24.0,24 [4.3-62],4.3,62.0
TB_c_dst_rlt_new_pct,New cases tested for RR-/MDR-TB (%),https://www.who.int/data/gho/data/indicators/indicator-details/GHO/new-cases-tested-for-rr--mdr-tb-%28-%29,2024,2024,2024,SEAR,South-East Asia,IND,India,,,,92.0,92,,
TB_c_newinc,Tuberculosis - new and relapse cases,https://www.who.int/data/gho/data/indicators/indicator-details/GHO/tuberculosis---new-and-relapse-cases,2016,2016,2016,SEAR,South-East Asia,IND,India,,,,1763876.0,1 763 876,,
TB_e_inc_rr_num,Estimated number of MDR/RR-TB incident cases,https://www.who.int/data/gho/data/indicators/indicator-details/GHO/estimated-number-of-mdr-rr-tb-incident-cases,2016,2016,2016,SEAR,South-East Asia,IND,India,,,,120000.0,120 000 [88 000-140 000],88000.0,140000.0
TB_e_inc_tbhiv_100k,Incidence of tuberculosis (per 100 000 population) (HIV-positive cases),https://www.who.int/data/gho/data/indicators/indicator-details/GHO/incidence-of-tuberculosis-%28per-100-000-population%29-%28hiv-positive-cases%29,2016,2016,2016,SEAR,South-East Asia,IND,India,,,,6.6,6.6 [4.2-9.5],4.2,9.5
TB_e_inc_num,Number of incident tuberculosis cases,https://www.who.int/data/gho/data/indicators/indicator-details/GHO/number-of-incident-tuberculosis-cases,2004,2004,2004,SEAR,South-East Asia,IND,India,,,,3580000.0,3 580 000 [1 260 000-7 070 000],1260000.0,7070000.0
TB_c_new_tsr,Treatment success rate: new TB cases,https://www.who.int/data/gho/data/indicators/indicator-details/GHO/treatment-success-rate-new-tb-cases,2020,2020,2020,SEAR,South-East Asia,IND,India,,,,85.0,85,,
TB_e_inc_rr_num,Estimated number of MDR/RR-TB incident cases,https://www.who.int/data/gho/data/indicators/indicator-details/GHO/estimated-number-of-mdr-rr-tb-incident-cases,2022,2022,2022,SEAR,South-East Asia,IND,India,,,,120000.0,120 000 [100 000-150 000],100000.0,150000.0
TB_c_new_tsr,Treatment success rate: new TB cases,https://www.who.int/data/gho/data/indicators/indicator-details/GHO/treatment-success-rate-new-tb-cases,2009,2009,2009,SEAR,South-East Asia,IND,India,,,,89.0,89,,
MDG_0000000020,Incidence of tuberculosis (per 100 000 population per year),https://www.who.int/data/gho/data/indicators/indicator-details/GHO/incidence-of-tuberculosis-%28per-100-000-population-per-year%29,2012,2012,2012,SEAR,South-East Asia,IND,India,,,,258.0,258 [141-410],141.0,410.0
TB_c_mdr_tx,Cases started on MDR-TB treatment,https://www.who.int/data/gho/data/indicators/indicator-details/GHO/cases-started-on-mdr-tb-treatment,2019,2019,2019,SEAR,South-East Asia,IND,India,,,,60858.0,60 858,,
TB_e_inc_tbhiv_100k,Incidence of tuberculosis (per 100 000 population) (HIV-positive cases),https://www.who.int/data/gho/data/indicators/indicator-details/GHO/incidence-of-tuberculosis-%28per-100-000-population%29-%28hiv-positive-cases%29,2009,2009,2009,SEAR,South-East Asia,IND,India,,,,17.0,17 [3.5-43],3.5,43.0
TB_e_inc_tbhiv_100k,Incidence of tuberculosis (per 100 000 population) (HIV-positive cases),https://www.who.int/data/gho/data/indicators/indicator-details/GHO/incidence-of-tuberculosis-%28per-100-000-population%29-%28hiv-positive-cases%29,2022,2022,2022,SEAR,South-East Asia,IND,India,,,,3.4,3.4 [2.8-3.9],2.8,3.9
TB_c_xdr_tsr,Treatment success rate: XDR-TB cases,https://www.who.int/data/gho/data/indicators/indicator-details/GHO/estimated-xdr-tb-cases,2015,2015,2015,SEAR,South-East Asia,IND,India,,,,28.0,28,,
TB_c_mdr_tx,Cases started on MDR-TB treatment,https://www.who.int/data/gho/data/indicators/indicator-details/GHO/cases-started-on-mdr-tb-treatment,2021,2021,2021,SEAR,South-East Asia,IND,India,,,,53037.0,53 037,,
TB_c_mdr_tsr,Treatment success rate for patients treated for MDR-TB (%),https://www.who.int/data/gho/data/indicators/indicator-details/GHO/treatment-success-rate-for-patients-treated-for-mdr-tb-%28-%29,2017,2017,2017,SEAR,South-East Asia,IND,India,,,,49.0,49,,
TB_e_inc_tbhiv_100k,Incidence of tuberculosis (per 100 000 population) (HIV-positive cases),https://www.who.int/data/gho/data/indicators/indicator-details/GHO/incidence-of-tuberculosis-%28per-100-000-population%29-%28hiv-positive-cases%29,2019,2019,2019,SEAR,South-East Asia,IND,India,,,,5.0,5 [3.4-6.9],3.4,6.9
TB_c_xdr_tsr,Treatment success rate: XDR-TB cases,https://www.who.int/data/gho/data/indicators/indicator-details/GHO/estimated-xdr-tb-cases,2022,2022,2022,SEAR,South-East Asia,IND,India,,,,73.0,73,,
TB_c_mdr_tx,Cases started on MDR-TB treatment,https://www.who.int/data/gho/data/indicators/indicator-details/GHO/cases-started-on-mdr-tb-treatment,2014,2014,2014,SEAR,South-East Asia,IND,India,,,,24073.0,24 073,,
TB_c_new_tsr,Treatment success rate: new TB cases,https://www.who.int/data/gho/data/indicators/indicator-details/GHO/treatment-success-rate-new-tb-cases,2002,2002,2002,SEAR,South-East Asia,IND,India,,,,60.0,60,,
TB_rr_mdr,Confirmed cases of RR-/MDR-TB,https://www.who.int/data/gho/data/indicators/indicator-details/GHO/confirmed-cases-of-rr--mdr-tb,2005,2005,2005,SEAR,South-East Asia,IND,India,,,,34.0,34,,
TB_rr_mdr,Confirmed cases of RR-/MDR-TB,https://www.who.int/data/gho/data/indicators/indicator-details/GHO/confirmed-cases-of-rr--mdr-tb,2007,2007,2007,SEAR,South-East Asia,IND,India,,,,146.0,146,,
TB_e_inc_tbhiv_num,"Number of incident tuberculosis cases,  (HIV-positive cases)",https://www.who.int/data/gho/data/indicators/indicator-details/GHO/number-of-incident-tuberculosis-cases-%28hiv-positive-cases%29,2023,2023,2023,SEAR,South-East Asia,IND,India,,,,42000.0,42 000 [32 000-53 000],32000.0,53000.0
TB_c_ret_tsr,Treatment success rate: previously treated TB cases,https://www.who.int/data/gho/data/indicators/indicator-details/GHO/treatment-success-rate-previously-treated-tb-cases,2009,2009,2009,SEAR,South-East Asia,IND,India,,,,75.0,75,,
TB_c_newinc,Tuberculosis - new and relapse cases,https://www.who.int/data/gho/data/indicators/indicator-details/GHO/tuberculosis---new-and-relapse-cases,2020,2020,2020,SEAR,South-East Asia,IND,India,,,,1629301.0,1 629 301,,
TB_hivtest_pct,TB patients with known HIV status (%),https://www.who.int/data/gho/data/indicators/indicator-details/GHO/tb-patients-with-known-hiv-status-%28-%29,2012,2012,2012,SEAR,South-East Asia,IND,India,,,,56.0,56,,
TB_e_inc_num,Number of incident tuberculosis cases,https://www.who.int/data/gho/data/indicators/indicator-details/GHO/number-of-incident-tuberculosis-cases,2013,2013,2013,SEAR,South-East Asia,IND,India,,,,3220000.0,3 220 000 [1 830 000-4 990 000],1830000.0,4990000.0
TB_c_ret_tsr,Treatment success rate: previously treated TB cases,https://www.who.int/data/gho/data/indicators/indicator-details/GHO/treatment-success-rate-previously-treated-tb-cases,2020,2020,2020,SEAR,South-East Asia,IND,India,,,,80.0,80,,
TB_1,Tuberculosis treatment coverage,https://www.who.int/data/gho/data/indicators/indicator-details/GHO/tuberculosis-treatment-coverage,2001,2001,2001,SEAR,South-East Asia,IND,India,,,,31.0,31 [16-91],16.0,91.0
TB_c_mdr_tsr,Treatment success rate for patients treated for MDR-TB (%),https://www.who.int/data/gho/data/indicators/indicator-details/GHO/treatment-success-rate-for-patients-treated-for-mdr-tb-%28-%29,2012,2012,2012,SEAR,South-East Asia,IND,India,,,,46.0,46,,
TB_hivtest_pct,TB patients with known HIV status (%),https://www.who.int/data/gho/data/indicators/indicator-details/GHO/tb-patients-with-known-hiv-status-%28-%29,2009,2009,2009,SEAR,South-East Asia,IND,India,,,,17.0,17,,
TB_c_newinc,Tuberculosis - new and relapse cases,https://www.who.int/data/gho/data/indicators/indicator-details/GHO/tuberculosis---new-and-relapse-cases,2012,2012,2012,SEAR,South-East Asia,IND,India,,,,1289836.0,1 289 836,,
TB_e_inc_tbhiv_num,"Number of incident tuberculosis cases,  (HIV-positive cases)",https://www.who.int/data/gho/data/indicators/indicator-details/GHO/number-of-incident-tuberculosis-cases-%28hiv-positive-cases%29,2015,2015,2015,SEAR,South-East Asia,IND,India,,,,125000.0,125 000 [88 000-168 000],88000.0,168000.0
TB_e_inc_tbhiv_100k,Incidence of tuberculosis (per 100 000 population) (HIV-positive cases),https://www.who.int/data/gho/data/indicators/indicator-details/GHO/incidence-of-tuberculosis-%28per-100-000-population%29-%28hiv-positive-cases%29,2017,2017,2017,SEAR,South-East Asia,IND,India,,,,5.9,5.9 [3.9-8.2],3.9,8.2
TB_c_mdr_tx,Cases started on MDR-TB treatment,https://www.who.int/data/gho/data/indicators/indicator-details/GHO/cases-started-on-mdr-tb-treatment,2010,2010,2010,SEAR,South-East Asia,IND,India,,,,2182.0,2182,,
TB_c_new_tsr,Treatment success rate: new TB cases,https://www.who.int/data/gho/data/indicators/indicator-details/GHO/treatment-success-rate-new-tb-cases,1998,1998,1998,SEAR,South-East Asia,IND,India,,,,27.0,27,,
TB_e_inc_rr_num,Estimated number of MDR/RR-TB incident cases,https://www.who.int/data/gho/data/indicators/indicator-details/GHO/estimated-number-of-mdr-rr-tb-incident-cases,2020,2020,2020,SEAR,South-East Asia,IND,India,,,,120000.0,120 000 [95 000-140 000],95000.0,140000.0
TB_rr_mdr,Confirmed cases of RR-/MDR-TB,https://www.who.int/data/gho/data/indicators/indicator-details/GHO/confirmed-cases-of-rr--mdr-tb,2008,2008,2008,SEAR,South-East Asia,IND,India,,,,308.0,308,,
TB_hivtest_pos_pct,Tested TB patients HIV-positive (%),https://www.who.int/data/gho/data/indicators/indicator-details/GHO/tested-tb-patients-hiv-positive-%28-%29,2022,2022,2022,SEAR,South-East Asia,IND,India,,,,1.7,1.7,,
TB_1,Tuberculosis treatment coverage,https://www.who.int/data/gho/data/indicators/indicator-details/GHO/tuberculosis-treatment-coverage,2003,2003,2003,SEAR,South-East Asia,IND,India,,,,30.0,30 [15-87],15.0,87.0
TB_e_inc_tbhiv_num,"Number of incident tuberculosis cases,  (HIV-positive cases)",https://www.who.int/data/gho/data/indicators/indicator-details/GHO/number-of-incident-tuberculosis-cases-%28hiv-positive-cases%29,2012,2012,2012,SEAR,South-East Asia,IND,India,,,,195000.0,195 000 [52 000-433 000],52000.0,433000.0
TB_c_xdr_tsr,Treatment success rate: XDR-TB cases,https://www.who.int/data/gho/data/indicators/indicator-details/GHO/estimated-xdr-tb-cases,2019,2019,2019,SEAR,South-East Asia,IND,India,,,,55.0,55,,
TB_c_dst_rlt_new_pct,New cases tested for RR-/MDR-TB (%),https://www.who.int/data/gho/data/indicators/indicator-details/GHO/new-cases-tested-for-rr--mdr-tb-%28-%29,2015,2015,2015,SEAR,South-East Asia,IND,India,,,,11.0,11,,
TB_e_inc_tbhiv_num,"Number of incident tuberculosis cases,  (HIV-positive cases)",https://www.who.int/data/gho/data/indicators/indicator-details/GHO/number-of-incident-tuberculosis-cases-%28hiv-positive-cases%29,2018,2018,2018,SEAR,South-East Asia,IND,India,,,,100000.0,100 000 [79 000-124 000],79000.0,124000.0
TB_c_mdr_tx,Cases started on MDR-TB treatment,https://www.who.int/data/gho/data/indicators/indicator-details/GHO/cases-started-on-mdr-tb-treatment,2017,2017,2017,SEAR,South-East Asia,IND,India,,,,35950.0,35 950,,
TB_e_inc_tbhiv_num,"Number of incident tuberculosis cases,  (HIV-positive cases)",https://www.who.int/data/gho/data/indicators/indicator-details/GHO/number-of-incident-tuberculosis-cases-%28hiv-positive-cases%29,2003,2003,2003,SEAR,South-East Asia,IND,India,,,,303000.0,303 000 [53 000-766 000],53000.0,766000.0
TB_c_ret_tsr,Treatment success rate: previously treated TB cases,https://www.who.int/data/gho/data/indicators/indicator-details/GHO/treatment-success-rate-previously-treated-tb-cases,2000,2000,2000,SEAR,South-East Asia,IND,India,,,,70.0,70,,
TB_hivtest_pos_pct,Tested TB patients HIV-positive (%),https://www.who.int/data/gho/data/indicators/indicator-details/GHO/tested-tb-patients-hiv-positive-%28-%29,2012,2012,2012,SEAR,South-East Asia,IND,India,,,,5.4,5.4,,
MDG_0000000020,Incidence of tuberculosis (per 100 000 population per year),https://www.who.int/data/gho/data/indicators/indicator-details/GHO/incidence-of-tuberculosis-%28per-100-000-population-per-year%29,2003,2003,2003,SEAR,South-East Asia,IND,India,,,,318.0,318 [110-632],110.0,632.0
TB_c_dst_rlt_new_pct,New cases tested for RR-/MDR-TB (%),https://www.who.int/data/gho/data/indicators/indicator-details/GHO/new-cases-tested-for-rr--mdr-tb-%28-%29,2020,2020,2020,SEAR,South-East Asia,IND,India,,,,98.0,98,,
TB_e_inc_tbhiv_num,"Number of incident tuberculosis cases,  (HIV-positive cases)",https://www.who.int/data/gho/data/indicators/indicator-details/GHO/number-of-incident-tuberculosis-cases-%28hiv-positive-cases%29,2006,2006,2006,SEAR,South-East Asia,IND,India,,,,272000.0,272 000 [50 000-681 000],50000.0,681000.0
TB_e_inc_num,Number of incident tuberculosis cases,https://www.who.int/data/gho/data/indicators/indicator-details/GHO/number-of-incident-tuberculosis-cases,2014,2014,2014,SEAR,South-East Asia,IND,India,,,,3190000.0,3 190 000 [2 240 000-4 310 000],2240000.0,4310000.0
TB_c_new_tsr,Treatment success rate: new TB cases,https://www.who.int/data/gho/data/indicators/indicator-details/GHO/treatment-success-rate-new-tb-cases,2001,2001,2001,SEAR,South-East Asia,IND,India,,,,54.0,54,,
TB_rr_mdr,Confirmed cases of RR-/MDR-TB,https://www.who.int/data/gho/data/indicators/indicator-details/GHO/confirmed-cases-of-rr--mdr-tb,2016,2016,2016,SEAR,South-East Asia,IND,India,,,,37258.0,37 258,,
TB_e_inc_rr_num,Estimated number of MDR/RR-TB incident cases,https://www.who.int/data/gho/data/indicators/indicator-details/GHO/estimated-number-of-mdr-rr-tb-incident-cases,2024,2024,2024,SEAR,South-East Asia,IND,India,,,,130000.0,130 000 [100 000-150 000],100000.0,150000.0
TB_rr_mdr,Confirmed cases of RR-/MDR-TB,https://www.who.int/data/gho/data/indicators/indicator-details/GHO/confirmed-cases-of-rr--mdr-tb,2014,2014,2014,SEAR,South-East Asia,IND,India,,,,25748.0,25 748,,
TB_c_new_tsr,Treatment success rate: new TB cases,https://www.who.int/data/gho/data/indicators/indicator-details/GHO/treatment-success-rate-new-tb-cases,2018,2018,2018,SEAR,South-East Asia,IND,India,,,,82.0,82,,
TB_c_dst_rlt_ret_pct,Previously treated cases tested for RR-/MDR-TB (%),https://www.who.int/data/gho/data/indicators/indicator-details/GHO/previously-treated-cases-tested-for-rr--mdr-tb-%28-%29,2019,2019,2019,SEAR,South-East Asia,IND,India,,,,82.0,82,,
TB_c_tbhiv_tsr,Treatment success rate: HIV-positive TB cases,https://www.who.int/data/gho/data/indicators/indicator-details/GHO/treatment-success-rate-hiv-positive-tb-cases,2018,2018,2018,SEAR,South-East Asia,IND,India,,,,74.0,74,,
TB_hivtest_pct,TB patients with known HIV status (%),https://www.who.int/data/gho/data/indicators/indicator-details/GHO/tb-patients-with-known-hiv-status-%28-%29,2017,2017,2017,SEAR,South-East Asia,IND,India,,,,73.0,73,,
TB_c_dst_rlt_ret_pct,Previously treated cases tested for RR-/MDR-TB (%),https://www.who.int/data/gho/data/indicators/indicator-details/GHO/previously-treated-cases-tested-for-rr--mdr-tb-%28-%29,2008,2008,2008,SEAR,South-East Asia,IND,India,,,,0.52,0.52,,
TB_c_new_tsr,Treatment success rate: new TB cases,https://www.who.int/data/gho/data/indicators/indicator-details/GHO/treatment-success-rate-new-tb-cases,1996,1996,1996,SEAR,South-East Asia,IND,India,,,,21.0,21,,
TB_e_inc_num,Number of incident tuberculosis cases,https://www.who.int/data/gho/data/indicators/indicator-details/GHO/number-of-incident-tuberculosis-cases,2019,2019,2019,SEAR,South-East Asia,IND,India,,,,2810000.0,2 810 000 [2 490 000-3 150 000],2490000.0,3150000.0
TB_c_ret_tsr,Treatment success rate: previously treated TB cases,https://www.who.int/data/gho/data/indicators/indicator-details/GHO/treatment-success-rate-previously-treated-tb-cases,2002,2002,2002,SEAR,South-East Asia,IND,India,,,,72.0,72,,
TB_c_tbhiv_tsr,Treatment success rate: HIV-positive TB cases,https://www.who.int/data/gho/data/indicators/indicator-details/GHO/treatment-success-rate-hiv-positive-tb-cases,2011,2011,2011,SEAR,South-East Asia,IND,India,,,,75.0,75,,
TB_c_ret_tsr,Treatment success rate: previously treated TB cases,https://www.who.int/data/gho/data/indicators/indicator-details/GHO/treatment-success-rate-previously-treated-tb-cases,2022,2022,2022,SEAR,South-East Asia,IND,India,,,,85.0,85,,
TB_c_new_tsr,Treatment success rate: new TB cases,https://www.who.int/data/gho/data/indicators/indicator-details/GHO/treatment-success-rate-new-tb-cases,2000,2000,2000,SEAR,South-East Asia,IND,India,,,,34.0,34,,
TB_hivtest_pct,TB patients with known HIV status (%),https://www.who.int/data/gho/data/indicators/indicator-details/GHO/tb-patients-with-known-hiv-status-%28-%29,2018,2018,2018,SEAR,South-East Asia,IND,India,,,,72.0,72,,
MDG_0000000020,Incidence of tuberculosis (per 100 000 population per year),https://www.who.int/data/gho/data/indicators/indicator-details/GHO/incidence-of-tuberculosis-%28per-100-000-population-per-year%29,2008,2008,2008,SEAR,South-East Asia,IND,India,,,,291.0,291 [113-552],113.0,552.0
TB_e_inc_tbhiv_100k,Incidence of tuberculosis (per 100 000 population) (HIV-positive cases),https://www.who.int/data/gho/data/indicators/indicator-details/GHO/incidence-of-tuberculosis-%28per-100-000-population%29-%28hiv-positive-cases%29,2021,2021,2021,SEAR,South-East Asia,IND,India,,,,3.9,3.9 [3.3-4.5],3.3,4.5
TB_c_dst_rlt_ret_pct,Previously treated cases tested for RR-/MDR-TB (%),https://www.who.int/data/gho/data/indicators/indicator-details/GHO/previously-treated-cases-tested-for-rr--mdr-tb-%28-%29,2020,2020,2020,SEAR,South-East Asia,IND,India,,,,96.0,96,,
TB_1,Tuberculosis treatment coverage,https://www.who.int/data/gho/data/indicators/indicator-details/GHO/tuberculosis-treatment-coverage,2023,2023,2023,SEAR,South-East Asia,IND,India,,,,86.0,86 [74-100],74.0,100.0
